date,open,max,min,close,vol
2011-05-10,37.905,39.935,37.276,39.754,973320
2011-05-11,39.658,39.658,39.086,39.086,57977
2011-05-12,38.791,39.554,37.962,39.078,80294
2011-05-13,38.696,38.773,38.506,38.629,13055
2011-05-16,38.648,38.982,38.582,38.878,41767
2011-05-17,38.791,38.869,38.506,38.515,72880
2011-05-18,38.6,38.725,38.515,38.6,8275
2011-05-19,38.6,38.658,37.599,38.648,24645
2011-05-20,38.678,38.678,38.343,38.6,22757
2011-05-23,38.61,38.61,38.333,38.411,41349
2011-05-24,38.124,38.6,37.743,38.6,43517
2011-05-25,38.506,39.078,38.506,39.078,9665
2011-05-26,38.839,39.459,38.791,38.791,34983
2011-05-27,38.515,38.886,38.515,38.839,10432
2011-05-30,38.563,38.696,38.22,38.23,15789
2011-05-31,38.162,39.726,38.115,39.515,63420
2011-06-01,39.515,39.515,38.6,39.411,1602
2011-06-02,39.363,39.363,38.6,39.259,6353
2011-06-03,38.648,39.22,38.6,38.648,6092
2011-06-06,38.515,39.078,38.315,39.078,40118
2011-06-07,38.6,39.078,38.6,39.078,56898
2011-06-08,38.6,39.078,38.6,39.078,123883
2011-06-09,38.886,38.886,38.6,38.6,39670
2011-06-10,38.506,38.6,38.22,38.6,59618
2011-06-13,38.506,38.696,38.506,38.648,22948
2011-06-14,38.162,38.42,38.162,38.42,60658
2011-06-15,38.134,38.6,38.134,38.582,12344
2011-06-16,36.409,38.172,36.409,38.124,17598
2011-06-17,37.981,38.124,37.552,38.124,44351
2011-06-20,36.695,38.124,36.695,37.838,101655
2011-06-21,37.648,38.124,37.648,37.838,118454
2011-06-22,37.658,38.591,37.658,38.124,3218
2011-06-24,38.115,38.315,37.944,38.124,12292
2011-06-27,38.049,38.22,38.029,38.124,55459
2011-06-28,37.362,38.124,37.362,38.124,2754
2011-06-29,38.029,38.315,38.029,38.315,8739
2011-06-30,38.6,38.6,38.124,38.6,12214
2011-07-01,39.078,40.936,39.078,40.802,36779
2011-07-04,40.746,41.46,40.746,41.46,24683
2011-07-05,41.604,41.65,41.003,41.269,13064
2011-07-06,41.137,41.269,40.221,41.269,9102
2011-07-07,41.269,41.746,40.641,41.46,15072
2011-07-08,41.269,41.699,40.078,40.078,5388
2011-07-11,40.05,40.887,40.002,40.125,4735
2011-07-12,40.716,40.716,37.724,40.012,44787
2011-07-13,39.078,40.507,39.078,40.03,6742
2011-07-14,39.182,40.02,39.182,40.012,17796
2011-07-15,40.012,40.012,39.554,39.839,654
2011-07-18,39.191,39.191,38.6,38.982,2329
2011-07-19,38.791,38.982,38.142,38.6,2602
2011-07-20,38.6,38.934,38.248,38.258,2055
2011-07-21,38.506,38.506,37.658,38.124,4234
2011-07-22,38.134,38.934,38.134,38.934,53511
2011-07-25,39.049,39.049,38.411,39.03,2716
2011-07-26,39.039,39.545,38.886,39.078,4113
2011-07-27,39.078,39.269,38.6,38.6,2681
2011-07-28,38.6,38.6,37.838,38.22,7014
2011-07-29,38.8,38.8,38.039,38.791,24404
2011-08-01,38.134,38.363,37.543,37.648,51617
2011-08-02,37.981,37.981,37.552,37.552,22069
2011-08-03,37.934,37.934,35.741,36.79,34854
2011-08-04,35.264,37.076,35.264,35.455,35640
2011-08-05,30.499,35.741,30.499,35.075,28497
2011-08-08,32.501,34.788,32.406,33.263,25705
2011-08-09,32.406,32.454,29.27,31.929,148443
2011-08-10,32.787,33.358,29.651,30.499,70917
2011-08-11,30.975,32.406,30.213,32.406,13027
2011-08-12,33.788,34.216,32.882,34.054,3449
2011-08-16,35.075,35.075,32.692,33.74,8914
2011-08-17,34.95,34.95,33.358,33.358,2046
2011-08-18,33.34,34.15,31.643,31.643,10474
2011-08-19,31.643,32.968,31.643,32.949,3830
2011-08-22,33.358,33.931,32.882,33.836,980
2011-08-23,34.025,34.025,33.358,33.358,1710
2011-08-24,33.168,33.358,33.168,33.358,460
2011-08-25,33.453,34.312,33.453,33.836,837
2011-08-26,34.635,34.635,33.836,34.312,1242
2011-08-29,34.693,35.075,33.836,35.075,54938
2011-08-30,35.075,35.075,34.693,34.884,29322
2011-08-31,36.046,37.457,35.075,35.932,30237
2011-09-01,36.695,36.695,34.312,35.731,1908
2011-09-02,35.027,35.751,35.027,35.618,5118
2011-09-05,34.788,35.264,34.025,35.264,2542
2011-09-06,35.245,35.55,34.884,35.55,74868
2011-09-07,35.55,36.179,35.504,35.837,649
2011-09-08,38.124,38.124,37.314,38.124,329363
2011-09-09,38.105,38.22,36.237,37.743,15211
2011-09-12,37.743,37.743,35.885,36.312,4491
2011-09-13,36.312,37.181,35.741,36.218,3282
2011-09-14,36.218,36.312,36.218,36.218,15856
2011-09-15,36.981,36.981,36.608,36.656,1316
2011-09-16,36.227,37.629,36.227,37.599,1795
2011-09-19,37.648,37.648,36.504,37.267,68092
2011-09-20,37.267,37.838,37.267,37.838,2654
2011-09-21,37.648,38.944,37.648,38.506,3136
2011-09-22,38.124,38.124,37.314,37.457,6498
2011-09-23,36.523,37.971,36.523,36.981,123401
2011-09-26,37.648,38.428,37.343,38.428,2594
2011-09-27,38.411,40.03,38.411,39.554,14230
2011-09-28,39.649,41.183,39.649,41.078,62852
2011-09-29,40.983,41.812,40.983,41.812,10444
2011-09-30,40.507,42.241,40.507,40.983,66109
2011-10-03,40.983,40.983,39.174,40.211,7808
2011-10-04,40.03,40.03,38.438,38.506,11440
2011-10-05,39.078,40.231,38.982,40.211,6271
2011-10-06,40.297,40.983,40.125,40.507,697
2011-10-07,40.231,40.231,39.887,40.03,6529
2011-10-10,40.03,40.03,39.174,40.03,9486
2011-10-11,40.297,40.316,39.839,40.316,43375
2011-10-12,40.411,40.698,39.611,40.698,34685
2011-10-13,40.698,41.918,39.945,40.411,6573
2011-10-14,40.06,40.411,40.03,40.125,42843
2011-10-17,41.269,41.269,40.03,40.03,1467
2011-10-18,39.572,40.03,38.839,40.03,1918
2011-10-19,40.03,40.03,39.269,39.754,5820
2011-10-20,39.554,40.03,39.086,40.03,4346
2011-10-21,39.658,39.658,39.269,39.269,1302
2011-10-24,39.125,39.792,38.42,39.792,19632
2011-10-25,40.03,40.25,39.363,40.145,620
2011-10-26,40.02,40.145,38.61,40.115,1152
2011-10-27,40.03,40.698,39.554,40.698,3713
2011-10-28,40.983,40.983,39.859,39.859,578
2011-10-31,39.22,40.955,39.22,40.411,6665
2011-11-02,39.078,40.221,38.629,40.03,4841
2011-11-03,40.221,40.507,39.554,40.507,1403
2011-11-04,39.839,40.411,39.839,40.411,5065
2011-11-07,40.306,40.316,39.935,40.268,225875
2011-11-08,40.411,40.964,40.125,40.793,2094
2011-11-09,40.698,40.698,39.859,40.03,1051
2011-11-10,39.554,39.935,39.078,39.831,540
2011-11-14,39.982,40.402,39.145,39.554,2021
2011-11-15,39.269,39.554,36.36,39.554,5697
2011-11-16,39.592,40.507,39.592,40.507,2504
2011-11-17,40.507,40.602,39.744,40.507,1084
2011-11-18,40.088,40.088,38.743,40.03,9066
2011-11-21,39.554,39.554,38.6,38.61,1732
2011-11-22,38.6,39.078,38.6,39.078,10104
2011-11-23,39.554,39.554,38.333,38.61,69107
2011-11-24,38.886,39.363,38.886,39.049,1011
2011-11-25,38.696,40.411,38.61,39.982,11003
2011-11-28,38.791,39.744,38.791,39.744,3700
2011-11-29,39.086,39.744,39.086,39.736,2562
2011-11-30,39.459,41.937,39.459,41.937,62649
2011-12-01,40.993,41.937,40.517,40.698,32619
2011-12-02,41.784,41.784,40.736,40.936,1636
2011-12-05,40.793,41.46,40.517,40.887,812
2011-12-06,40.983,40.983,40.602,40.602,481
2011-12-07,40.878,40.878,40.316,40.326,2110
2011-12-08,40.154,40.983,39.736,40.983,6465
2011-12-09,40.602,41.364,39.887,40.793,664
2011-12-12,40.974,41.354,40.974,40.974,7794
2011-12-13,40.602,40.793,40.517,40.793,445
2011-12-14,40.983,41.163,40.983,40.983,703
2011-12-15,41.078,41.078,40.221,40.221,931
2011-12-16,40.221,40.316,40.221,40.316,61
2011-12-19,40.983,41.069,40.469,40.469,24636
2011-12-20,40.221,41.173,40.221,40.536,182490
2011-12-21,41.127,41.65,40.983,41.46,112305
2011-12-22,40.983,41.078,40.706,40.983,1141
2011-12-23,41.173,41.173,40.983,40.983,7064
2011-12-27,40.316,41.078,40.221,40.983,3813
2011-12-28,41.364,41.937,41.364,41.794,2645
2011-12-29,41.832,41.832,41.479,41.479,30273
2011-12-30,41.46,41.689,41.041,41.669,495
2012-01-02,41.765,41.765,41.117,41.251,1700
2012-01-03,41.46,41.727,40.983,41.46,53079
2012-01-04,41.46,41.46,41.269,41.269,216
2012-01-05,41.269,41.46,41.078,41.078,1930
2012-01-09,40.993,41.46,40.983,41.46,2336
2012-01-10,41.46,41.46,40.793,40.793,1809
2012-01-11,40.793,40.983,40.173,40.173,1944
2012-01-12,40.03,41.041,39.363,40.507,6400
2012-01-13,41.432,41.432,40.507,40.897,8244
2012-01-16,40.411,40.651,40.411,40.621,19239
2012-01-17,40.688,40.698,40.46,40.669,3186
2012-01-18,41.432,41.432,40.364,40.983,4385
2012-01-19,40.983,40.983,40.507,40.793,41861
2012-01-20,40.202,41.078,40.202,41.078,1077
2012-01-23,40.517,40.832,40.469,40.832,1765
2012-01-24,40.887,41.031,40.887,40.983,5309
2012-01-25,40.746,40.802,40.421,40.802,111
2012-01-26,40.43,40.983,40.43,40.651,47750
2012-01-27,40.974,41.031,40.698,41.031,8362
2012-01-30,40.536,40.983,40.231,40.983,1897
2012-01-31,40.974,40.983,40.231,40.393,1325
2012-02-01,40.698,40.887,40.621,40.698,2687
2012-02-02,40.698,40.706,40.602,40.602,140516
2012-02-03,40.507,40.841,40.03,40.841,3480
2012-02-06,40.887,41.89,40.851,41.46,5226
2012-02-07,41.89,44.319,41.842,44.319,21073
2012-02-08,44.987,46.225,43.853,44.319,8999
2012-02-09,43.7,44.406,43.175,43.175,4511
2012-02-10,43.156,43.175,42.232,42.87,2181
2012-02-13,43.175,43.833,42.46,42.89,8481
2012-02-14,42.9,42.966,42.87,42.89,2432
2012-02-15,42.89,43.833,42.89,43.815,29493
2012-02-16,43.805,44.701,43.652,44.606,2276
2012-02-17,44.606,44.701,44.281,44.414,5250
2012-02-20,44.462,44.701,43.948,44.691,3176
2012-02-21,44.701,44.797,44.338,44.797,1790
2012-02-22,44.797,44.892,43.185,43.347,6063
2012-02-23,43.271,44.663,43.271,44.129,3234
2012-02-24,43.843,44.406,43.843,44.319,1172
2012-02-27,44.224,45.653,44.224,45.397,7138
2012-02-28,45.397,45.748,44.701,45.369,20559
2012-02-29,45.273,45.701,44.462,44.892,1761
2012-03-01,44.511,44.777,43.853,44.682,1715
2012-03-02,45.264,45.264,44.366,44.366,2875
2012-03-05,44.519,44.977,44.511,44.797,1021
2012-03-06,44.528,44.528,41.945,42.986,5738
2012-03-07,42.986,43.652,42.9,43.652,29110
2012-03-08,43.833,45.463,43.833,45.215,4261
2012-03-09,45.32,45.32,44.797,45.073,492
2012-03-12,45.359,45.359,43.652,45.12,4148
2012-03-13,45.225,45.225,43.632,43.652,25588
2012-03-14,44.777,45.196,43.672,44.815,93030
2012-03-15,44.987,45.844,44.987,45.653,7241
2012-03-16,45.748,46.063,45.273,45.635,3321
2012-03-19,44.606,45.369,44.034,44.034,3587
2012-03-20,44.224,45.264,44.034,45.073,3788
2012-03-21,45.273,45.748,44.663,45.748,12252
2012-03-22,45.93,47.179,45.93,46.654,20174
2012-03-23,47.626,48.513,47.179,48.036,14829
2012-03-26,48.132,48.37,47.846,48.132,65102
2012-03-27,48.036,48.036,47.656,47.798,332852
2012-03-28,47.751,48.513,47.656,48.513,16321
2012-03-29,48.513,49.084,47.332,47.379,56446
2012-03-30,47.379,48.084,47.379,47.846,24364
2012-04-02,47.846,49.466,46.235,46.711,24439
2012-04-03,47.302,48.227,46.796,47.227,26627
2012-04-04,47.656,47.656,46.321,46.321,12948
2012-04-05,46.331,47.646,46.331,47.332,24376
2012-04-10,48.036,48.036,46.455,46.484,6730
2012-04-11,46.484,47.656,45.273,47.179,38493
2012-04-12,47.646,49.18,47.646,49.18,9985
2012-04-13,49.561,49.561,48.609,48.609,15640
2012-04-16,48.132,49.084,48.132,48.704,3881
2012-04-17,48.895,48.895,48.132,48.704,2038
2012-04-18,48.752,48.895,47.656,48.609,7819
2012-04-19,48.609,48.609,47.656,47.656,4252
2012-04-20,47.656,47.656,46.741,47.465,4115
2012-04-23,47.608,47.608,44.797,44.797,10769
2012-04-24,44.987,46.311,44.987,45.463,17286
2012-04-25,46.13,46.225,45.748,45.748,16069
2012-04-26,46.311,46.311,45.844,45.939,7073
2012-04-27,46.225,46.692,45.988,46.034,3338
2012-04-30,46.607,46.607,46.034,46.034,1599
2012-05-02,46.034,46.034,44.987,45.73,3743
2012-05-04,45.083,45.711,44.797,45.605,1895
2012-05-07,44.044,45.416,44.044,45.178,3959
2012-05-08,45.92,46.225,45.911,46.225,2008
2012-05-09,46.179,46.511,45.653,46.321,1290
2012-05-10,46.416,47.169,45.653,46.607,505
2012-05-11,46.607,46.796,45.796,46.796,1368
2012-05-14,47.179,47.179,45.854,46.225,839
2012-05-15,45.758,46.225,45.558,45.558,23150
2012-05-16,45.463,45.463,42.89,44.843,13220
2012-05-17,44.797,44.797,42.851,42.89,12488
2012-05-18,41.927,43.795,41.927,43.7,3785
2012-05-21,44.005,44.386,44.005,44.319,781
2012-05-22,44.414,45.225,43.129,43.795,2565
2012-05-23,43.652,43.748,43.652,43.748,21173
2012-05-24,42.89,43.366,42.89,43.366,713
2012-05-25,42.9,43.557,42.89,43.557,1206
2012-05-28,43.223,43.843,43.223,43.843,197
2012-05-29,42.994,43.748,42.994,42.994,148
2012-05-30,42.89,42.9,42.89,42.89,1103
2012-05-31,42.509,44.511,42.509,43.938,8352
2012-06-01,43.833,44.319,43.833,43.833,626
2012-06-04,43.032,43.833,42.986,43.032,2581
2012-06-05,43.032,43.72,41.993,43.557,1647
2012-06-06,42.079,43.938,42.079,43.938,1237
2012-06-08,43.976,44.492,43.205,43.833,1155
2012-06-11,44.034,44.768,44.034,44.615,4573
2012-06-12,44.787,44.872,44.606,44.872,42948
2012-06-13,44.797,44.872,44.511,44.511,12491
2012-06-14,44.406,44.406,43.901,43.948,12402
2012-06-15,43.461,44.453,42.919,43.614,267
2012-06-18,43.843,44.596,43.662,43.662,6402
2012-06-19,43.748,43.748,42.756,42.89,11334
2012-06-20,42.89,42.89,42.184,42.841,1140
2012-06-21,42.841,43.662,42.509,42.89,25548
2012-06-22,42.89,42.89,42.137,42.89,1635
2012-06-25,42.89,42.89,42.509,42.88,982
2012-06-26,42.442,43.223,42.413,43.223,2973
2012-06-27,43.081,43.081,42.651,43.081,430
2012-06-28,42.89,42.89,42.555,42.89,20277
2012-06-29,42.89,44.129,42.423,44.129,3355
2012-07-02,43.461,44.71,43.461,44.71,3253
2012-07-03,44.653,44.672,43.853,44.081,45107
2012-07-04,44.682,44.682,43.843,43.843,1833
2012-07-05,44.129,44.738,44.129,44.319,2802
2012-07-06,44.319,44.653,43.376,44.653,5497
2012-07-09,44.691,44.691,43.843,43.891,647
2012-07-10,44.129,44.672,43.871,43.871,1289
2012-07-11,43.871,44.643,43.795,43.795,891
2012-07-12,43.795,43.795,43.041,43.271,256
2012-07-13,43.366,43.366,42.699,42.89,2300
2012-07-16,42.529,43.366,42.529,42.89,100
2012-07-17,42.413,43.7,42.413,43.7,1812
2012-07-18,43.7,43.7,42.994,43.652,31665
2012-07-19,43.09,43.175,42.946,42.986,7368
2012-07-20,42.423,43.252,42.423,43.232,825
2012-07-23,43.032,43.032,40.03,41.65,13595
2012-07-24,41.927,42.356,41.927,41.937,4404
2012-07-25,41.937,42.27,41.937,42.27,731
2012-07-26,41.937,41.937,41.937,41.937,768
2012-07-27,42.013,42.795,42.013,42.795,456
2012-07-30,42.89,42.986,42.795,42.89,1453
2012-07-31,42.841,43.262,42.413,43.262,4697
2012-08-01,43.318,43.318,42.699,42.699,628
2012-08-02,42.137,42.175,41.937,42.175,28067
2012-08-03,42.175,43.366,42.032,43.357,4823
2012-08-06,42.699,43.509,42.699,43.366,1242
2012-08-07,42.709,43.223,42.699,42.89,1320
2012-08-08,42.89,43.366,42.89,43.366,35039
2012-08-09,42.289,43.366,41.937,43.357,8359
2012-08-10,43.386,43.386,42.89,42.89,510
2012-08-13,42.89,42.89,42.555,42.555,237
2012-08-14,42.555,43.271,42.509,43.271,504
2012-08-16,42.46,42.89,42.46,42.575,2017
2012-08-17,42.529,42.89,42.529,42.546,6546
2012-08-20,42.46,42.89,42.46,42.89,2294
2012-08-21,42.986,44.034,42.986,44.034,2414
2012-08-22,43.652,44.272,43.652,43.843,1986
2012-08-23,44.11,44.11,43.843,43.843,2817
2012-08-24,43.366,43.557,43.223,43.557,859
2012-08-27,43.652,44.129,42.89,44.119,2108
2012-08-28,44.119,44.129,43.366,43.366,483
2012-08-29,43.09,44.138,43.09,44.034,2741
2012-08-30,44.034,44.034,43.843,43.843,5895
2012-08-31,43.938,44.797,43.938,44.797,3727
2012-09-03,43.996,44.129,43.862,43.928,1113
2012-09-04,43.853,44.215,43.7,43.843,16768
2012-09-05,43.843,43.843,42.89,43.271,1436
2012-09-06,42.47,42.976,42.413,42.976,39495
2012-09-07,42.986,43.347,42.46,42.699,11819
2012-09-10,42.366,42.89,42.366,42.47,6594
2012-09-11,42.413,42.88,42.413,42.88,1329
2012-09-12,42.88,43.785,42.47,42.47,1174
2012-09-13,42.489,42.565,42.489,42.509,21750
2012-09-14,43.728,43.738,42.519,43.738,13710
2012-09-17,43.843,43.843,42.614,42.642,5437
2012-09-18,43.175,43.175,42.529,42.89,793
2012-09-19,42.986,42.986,42.433,42.89,424
2012-09-20,42.89,43.309,42.127,43.081,34965
2012-09-21,43.166,43.166,42.127,42.127,3564
2012-09-24,42.88,42.88,42.223,42.223,9151
2012-09-25,42.604,42.604,42.604,42.604,626
2012-09-26,42.785,42.795,42.509,42.604,42353
2012-09-27,42.413,42.689,42.27,42.27,335
2012-09-28,42.27,42.68,42.223,42.651,31216
2012-10-01,42.651,42.651,42.651,42.651,3
2012-10-02,42.651,42.937,42.509,42.937,2321
2012-10-03,42.89,43.023,42.699,43.023,1002
2012-10-04,43.032,43.843,43.032,43.376,61088
2012-10-05,43.461,43.461,43.1,43.1,1743
2012-10-08,42.805,42.89,42.795,42.89,58292
2012-10-09,43.081,43.129,42.986,43.004,75238
2012-10-10,42.986,43.081,42.604,43.071,140173
2012-10-11,42.46,42.795,42.46,42.795,14954
2012-10-12,42.795,42.89,42.795,42.89,84
2012-10-15,42.89,42.89,42.46,42.509,2365
2012-10-16,42.509,42.88,42.509,42.88,6203
2012-10-17,42.509,42.89,42.509,42.509,6363
2012-10-18,42.509,42.604,42.509,42.509,3268
2012-10-19,42.795,42.86,42.223,42.509,40368
2012-10-22,42.413,42.413,42.232,42.318,228
2012-10-23,42.223,42.223,42.032,42.175,1060
2012-10-24,42.032,42.127,41.46,42.127,905
2012-10-25,42.127,42.89,42.127,42.509,5284
2012-10-26,42.413,42.509,41.66,41.66,5137
2012-10-29,42.509,42.509,41.746,41.756,1149
2012-10-30,41.937,42.795,41.937,42.413,26703
2012-10-31,42.86,42.86,41.555,41.555,2864
2012-11-02,41.565,41.614,41.565,41.614,815
2012-11-05,41.614,42.175,41.46,41.46,1727
2012-11-06,41.46,41.842,41.393,41.413,291
2012-11-07,41.269,41.546,40.983,41.536,1450
2012-11-08,40.983,40.983,40.411,40.887,23832
2012-11-09,40.507,40.887,40.43,40.46,849
2012-11-12,40.841,41.937,40.841,40.983,1672
2012-11-13,40.974,41.403,40.698,40.706,741
2012-11-14,40.706,42.89,40.706,42.89,7984
2012-11-15,42.89,42.89,41.842,42.032,763
2012-11-16,42.88,42.88,41.985,42.785,9982
2012-11-19,42.89,42.89,42.509,42.699,12708
2012-11-20,42.699,42.699,41.985,42.413,26913
2012-11-21,42.413,42.509,41.937,42.032,742
2012-11-22,42.375,42.375,41.423,41.423,777
2012-11-23,41.279,42.127,41.088,41.927,417
2012-11-26,41.108,41.937,41.088,41.699,4294
2012-11-27,41.927,41.927,41.479,41.927,167
2012-11-28,41.918,41.927,41.469,41.927,267
2012-11-29,41.927,41.937,41.374,41.393,4256
2012-11-30,41.746,41.794,41.46,41.746,1127
2012-12-03,41.746,41.746,41.46,41.65,2343
2012-12-04,41.46,41.937,41.46,41.546,663
2012-12-05,41.173,41.65,41.173,41.508,2051
2012-12-06,41.098,41.765,41.098,41.327,3420
2012-12-07,41.441,41.46,40.983,41.003,40525
2012-12-10,41.146,41.146,41.003,41.012,385
2012-12-11,40.993,41.46,40.859,40.897,1149
2012-12-12,40.746,40.746,40.43,40.555,4999
2012-12-13,40.602,41.078,40.573,41.078,590
2012-12-14,41.546,41.842,40.983,41.822,4802
2012-12-17,41.918,42.032,41.85,42.032,3651
2012-12-18,42.241,42.356,42.241,42.318,1036
2012-12-19,42.413,42.89,42.318,42.89,97994
2012-12-20,42.986,44.024,42.986,43.986,9708
2012-12-21,43.843,44.206,42.413,42.413,14355
2012-12-27,42.413,43.366,41.937,42.413,8864
2012-12-28,42.27,42.413,41.955,41.993,1770
2013-01-02,42.032,42.89,41.937,42.89,5878
2013-01-03,43.366,43.366,42.841,42.89,6917
2013-01-04,42.89,43.175,42.89,42.89,8005
2013-01-07,42.89,43.175,42.89,42.89,3373
2013-01-08,42.9,43.986,42.9,43.843,4089
2013-01-09,43.843,44.462,43.843,44.319,2686
2013-01-10,44.319,46.225,44.319,46.13,40102
2013-01-11,46.321,47.465,45.874,47.37,6268
2013-01-14,47.465,47.656,47.37,47.656,1210
2013-01-15,47.37,47.37,46.225,46.511,1926
2013-01-16,45.892,47.274,45.892,47.274,1016
2013-01-17,46.902,47.169,46.892,47.169,379
2013-01-18,47.169,47.56,46.806,47.56,56275
2013-01-21,46.845,47.083,46.816,47.074,2203
2013-01-22,47.074,47.503,47.074,47.503,2600
2013-01-23,47.465,47.56,45.988,47.179,7231
2013-01-24,46.721,47.179,46.701,46.902,13251
2013-01-25,46.902,47.465,46.892,47.417,1844
2013-01-28,47.179,47.455,46.845,47.37,30883
2013-01-29,47.36,47.36,47.227,47.227,5668
2013-01-30,47.227,47.656,47.227,47.656,6713
2013-01-31,47.656,48.561,47.656,47.941,12987
2013-02-01,47.941,48.036,47.179,47.179,3457
2013-02-04,47.656,47.941,47.179,47.179,7920
2013-02-05,47.56,47.56,47.207,47.274,15941
2013-02-06,47.656,48.036,47.227,48.036,6342
2013-02-07,48.609,50.515,48.132,49.609,6423
2013-02-08,50.515,50.992,50.039,50.039,3443
2013-02-11,50.039,50.992,50.039,50.515,4588
2013-02-12,50.801,50.943,49.466,49.466,2717
2013-02-13,49.466,49.466,49.132,49.323,1445
2013-02-14,49.132,49.561,49.132,49.323,2920
2013-02-15,49.323,50.897,49.132,50.897,1864
2013-02-18,50.897,50.897,50.039,50.848,873
2013-02-19,50.848,50.848,46.179,48.609,3722
2013-02-20,48.609,49.323,48.609,48.704,10594
2013-02-21,48.704,49.704,48.227,48.799,12700
2013-02-22,48.799,49.944,48.799,48.941,31945
2013-02-25,49.084,50.897,49.084,50.515,4704
2013-02-26,50.801,50.897,50.039,50.706,4898
2013-02-27,50.61,50.706,50.039,50.61,1176
2013-02-28,50.61,51.944,50.229,51.802,5176
2013-03-01,51.325,52.325,51.325,52.325,5766
2013-03-04,52.325,52.373,50.229,50.706,3619
2013-03-05,50.42,52.183,50.42,51.944,3388
2013-03-06,52.23,52.23,50.515,52.23,4382
2013-03-07,52.23,52.802,52.23,52.611,12579
2013-03-08,52.611,52.897,51.753,52.897,9053
2013-03-11,53.279,54.755,52.039,54.707,9217
2013-03-12,54.422,54.565,53.516,54.376,6155
2013-03-13,54.327,54.518,52.993,53.85,1178
2013-03-14,53.184,54.422,53.184,54.327,4496
2013-03-15,54.327,56.138,52.897,52.897,11158
2013-03-18,54.327,56.138,53.374,55.376,45238
2013-03-19,56.185,57.234,56.185,57.186,46505
2013-03-20,57.186,61.666,57.186,60.904,49491
2013-03-21,60.904,63.095,59.569,60.045,14136
2013-03-22,57.949,60.045,57.377,59.093,13966
2013-03-25,59.093,59.093,56.28,57.091,4033
2013-03-26,56.28,56.566,56.233,56.52,2686
2013-03-27,56.329,56.52,53.802,56.089,6968
2013-03-28,56.233,59.713,56.138,56.138,15771
2013-04-02,57.377,60.521,57.186,60.521,12342
2013-04-03,59.95,59.95,57.377,57.662,25645
2013-04-04,58.711,60.76,58.711,59.093,45211
2013-04-05,59.95,59.95,59.093,59.378,6443
2013-04-08,59.95,60.045,58.616,59.093,43374
2013-04-09,59.903,59.903,58.711,59.093,47244
2013-04-10,60.332,60.332,59.14,59.617,35373
2013-04-11,59.855,59.95,58.997,59.093,42281
2013-04-12,58.902,59.282,58.711,59.093,16278
2013-04-15,59.093,59.378,58.759,58.95,11967
2013-04-17,58.95,59.093,58.711,58.787,11606
2013-04-18,58.912,59.569,58.721,59.473,12094
2013-04-19,59.102,59.569,58.912,59.102,11527
2013-04-22,58.912,59.083,58.902,59.073,1505
2013-04-23,58.902,59.378,58.902,59.093,70501
2013-04-24,59.569,59.569,58.902,59.093,6221
2013-04-25,59.093,59.093,57.997,58.158,1880
2013-04-26,59.14,59.14,58.282,58.902,1438
2013-04-29,58.425,58.902,58.425,58.425,2710
2013-04-30,58.454,58.807,58.444,58.616,1544
2013-05-02,58.493,58.902,58.493,58.616,18214
2013-05-06,58.797,59.569,58.616,59.054,8386
2013-05-07,59.102,59.559,59.093,59.408,2005
2013-05-08,59.95,63.382,59.855,61.952,10467
2013-05-09,62.905,64.764,62.429,63.953,19074
2013-05-10,63.572,64.61,62.905,63.478,14352
2013-05-13,63.238,65.717,63.238,65.183,37312
2013-05-14,65.096,65.096,63.248,64.525,13329
2013-05-15,64.706,64.878,64.382,64.525,17295
2013-05-16,64.525,64.782,63.858,64.525,4111
2013-05-17,64.62,64.62,59.093,63.2,75513
2013-05-20,62.905,63.858,62.333,63.382,5372
2013-05-21,63.334,64.811,62.915,64.334,9224
2013-05-22,63.953,66.384,63.953,65.764,18011
2013-05-23,64.811,65.764,64.334,65.764,18430
2013-05-24,65.297,67.651,62.905,63.238,442705
2013-05-27,64.811,64.811,63.429,63.858,12674
2013-05-28,63.858,63.858,63.104,63.478,36865
2013-05-29,62.075,63,60.531,61.285,35781
2013-05-31,60.999,60.999,59.197,59.759,121331
2013-06-03,59.569,61.857,59.569,61.857,5612
2013-06-04,61.857,63.324,61.666,62.047,8490
2013-06-05,62.057,63.048,61.476,61.761,12194
2013-06-06,61.952,62.952,61.485,61.866,11285
2013-06-07,61.952,63.095,61.866,62.143,13781
2013-06-10,62.905,63.058,62.248,62.905,114173
2013-06-11,63.095,63.858,61.018,63.286,4469
2013-06-12,63.685,63.685,62.047,62.809,2140
2013-06-13,62.333,63.685,61.952,63.095,1802
2013-06-14,62.905,63.668,62.429,63.382,10816
2013-06-17,63.382,63.685,61.962,62.238,60106
2013-06-18,62.238,63.382,61.39,63.373,5279
2013-06-19,62.905,63.334,61.761,62,50219
2013-06-20,61.952,61.952,60.255,60.34,8527
2013-06-21,60.045,61.952,59.865,60.999,14551
2013-06-24,59.903,60.999,59.569,59.569,15834
2013-06-25,59.331,60.521,59.331,59.598,14652
2013-06-26,59.398,60.979,59.102,60.979,5638
2013-06-27,61.857,61.857,58.139,58.377,12500
2013-06-28,58.616,59.569,58.616,58.931,14484
2013-07-01,60.513,60.513,59.188,60.045,13367
2013-07-02,60.713,60.713,59.883,59.883,15786
2013-07-03,60.713,60.713,58.997,60.045,3085
2013-07-04,60.521,60.521,59.197,59.865,2947
2013-07-05,60.236,60.236,59.236,60.045,774
2013-07-08,60.045,60.045,59.473,60.045,11215
2013-07-09,60.045,60.045,59.664,59.808,3111
2013-07-10,59.569,59.569,59.378,59.569,477
2013-07-11,59.522,61.476,59.522,61.476,7524
2013-07-12,60.617,61.952,60.617,60.722,48506
2013-07-15,61.476,61.771,60.999,61.761,90660
2013-07-16,62.905,62.905,61.19,61.952,3728
2013-07-17,61.476,62.905,61.476,62.905,14454
2013-07-18,63.334,63.334,61.523,62.809,409
2013-07-19,63.277,63.277,62.381,62.381,360
2013-07-22,62.419,62.905,62.143,62.905,329
2013-07-23,62.905,62.905,62.143,62.905,35284
2013-07-24,62.762,62.905,61.952,62.848,1275
2013-07-25,61.952,61.952,60.999,61.952,2108
2013-07-26,60.904,61.952,60.904,61.952,2579
2013-07-29,61.952,62.838,61.666,62.429,2998
2013-07-30,62.248,62.409,61.676,61.866,45237
2013-07-31,61.808,62.238,61.808,62.238,6848
2013-08-01,61.617,62.314,61.617,61.962,613
2013-08-02,62.314,62.429,61.972,62.19,39499
2013-08-05,62.667,63.754,62.476,63.382,3892
2013-08-06,63.382,63.525,63.048,63.429,4481
2013-08-07,63.439,64.811,63.439,64.668,4698
2013-08-08,64.726,66.051,64.334,65.573,15586
2013-08-09,65.755,65.755,65.002,65.287,1655
2013-08-12,65.287,65.287,64,65.287,5935
2013-08-13,65.287,66.126,64.811,65.668,7883
2013-08-14,65.478,65.764,65.277,65.622,4882
2013-08-16,65.002,65.764,64.334,65.516,993
2013-08-19,65.516,65.764,63.009,63.839,6838
2013-08-20,63.382,63.849,61.476,62.905,13904
2013-08-21,62.905,63.553,62.896,62.896,17956
2013-08-22,62.905,63.191,61.952,63.191,12057
2013-08-23,65.24,65.277,63.39,63.39,2470
2013-08-26,63.068,63.382,62.905,62.905,1627
2013-08-27,63.858,63.858,62.057,62.524,3151
2013-08-28,62.514,62.896,62.143,62.17,22964
2013-08-29,61.952,63.429,61.952,62.542,1390
2013-08-30,61.952,62.905,61.952,62.905,1937
2013-09-02,64.84,66.517,64.84,66.297,10541
2013-09-03,66.718,68.433,65.287,65.287,10832
2013-09-04,65.297,65.563,64.334,64.62,1875
2013-09-05,63.953,65.002,58.139,62.896,13292
2013-09-06,61.857,64.716,61.857,64.077,12820
2013-09-09,65.668,65.668,63.858,64.344,3216
2013-09-10,64.43,65.563,64.43,65.563,1661
2013-09-11,65.764,67.146,65.764,66.336,36477
2013-09-12,66.346,67.66,66.346,66.842,6759
2013-09-13,67.29,67.48,67.099,67.203,3473
2013-09-16,66.718,67.766,66.718,67.67,22167
2013-09-17,67.67,68.433,67.67,68.433,2022
2013-09-18,68.423,68.623,68.423,68.585,28010
2013-09-19,69.196,70.511,69.101,69.101,6393
2013-09-20,69.578,70.339,67.67,67.718,7204
2013-09-23,67.718,69.568,67.718,68.786,47509
2013-09-24,69.568,69.568,67.67,67.67,5779
2013-09-25,67.67,68.615,67.67,68.615,1539
2013-09-26,68.615,69.578,68.433,69.578,5758
2013-09-27,71.101,71.579,70.453,70.52,4152
2013-09-30,70.52,70.52,69.671,70.053,7113
2013-10-01,70.101,70.339,69.957,70.148,10920
2013-10-02,70.434,70.434,69.387,69.578,1677
2013-10-03,69.482,70.053,69.414,70.053,3732
2013-10-04,70.53,70.53,69.387,69.91,1852
2013-10-07,69.578,69.957,69.578,69.957,1230
2013-10-08,70.243,70.339,69.578,69.957,1688
2013-10-09,69.767,69.767,68.623,68.833,980
2013-10-10,68.833,69.957,68.833,69.767,26987
2013-10-11,70.187,70.187,69.671,70.148,2446
2013-10-14,70.148,70.197,70.053,70.148,1677
2013-10-15,69.957,70.892,69.957,70.434,17434
2013-10-16,70.53,71.005,70.53,70.815,7657
2013-10-17,70.53,72.245,70.148,72.235,46735
2013-10-18,72.627,78.631,72.407,77.202,49161
2013-10-21,77.297,77.649,76.468,77.202,17040
2013-10-22,76.724,78.631,76.487,78.441,21765
2013-10-23,79.107,79.127,77.678,79.107,3399
2013-10-24,79.107,81.958,78.154,81.958,11092
2013-10-25,81.966,84.159,81.966,83.397,24568
2013-10-28,83.587,84.588,83.587,84.35,3868
2013-10-29,84.369,85.265,84.064,84.35,9582
2013-10-30,84.445,84.445,78.631,80.061,8936
2013-10-31,79.222,80.985,77.773,78.45,3833
2013-11-04,78.631,83.777,76.724,82.462,61630
2013-11-05,82.501,83.377,79.107,80.061,7072
2013-11-06,80.298,80.967,79.585,80.967,22813
2013-11-07,81.015,81.92,80.633,81.395,13021
2013-11-08,81.3,81.91,80.824,81.49,2069
2013-11-12,81.966,81.966,80.252,80.252,945
2013-11-13,81.015,82.157,79.966,80.061,4824
2013-11-14,81.966,83.063,81.966,81.966,3375
2013-11-15,81.966,84.33,81.966,84.254,16401
2013-11-18,84.254,85.779,84.254,85.35,38158
2013-11-19,87.687,87.687,85.541,85.541,10895
2013-11-20,85.541,87.533,85.541,87.304,6616
2013-11-21,87.304,89.601,86.552,86.923,29009
2013-11-22,86.923,87.687,85.303,86.256,11268
2013-11-25,86.733,86.733,84.836,85.303,23546
2013-11-26,84.826,85.399,84.502,85.399,1418
2013-11-27,85.399,85.399,84.826,85.303,1822
2013-11-28,85.303,85.303,80.156,83.397,8458
2013-11-29,81.404,84.064,80.298,84.054,1375
2013-12-02,83.644,86.713,83.644,85.541,6058
2013-12-03,85.779,85.779,81.015,84.778,3132
2013-12-04,84.712,84.712,82.682,83.873,1831
2013-12-05,83.777,85.685,82.682,82.92,1483
2013-12-06,82.92,84.617,82.92,84.254,1590
2013-12-09,85.779,85.779,83.159,83.873,2220
2013-12-10,83.121,84.502,81.223,81.966,5044
2013-12-11,82.434,82.434,78.154,78.154,30977
2013-12-12,77.315,78.154,76.439,76.468,5133
2013-12-13,76.248,77.202,74.533,76.153,32141
2013-12-16,76.153,76.153,74.819,75.581,30187
2013-12-17,76.239,79.356,74.629,74.915,22651
2013-12-18,75.105,77.392,74.819,76.782,5277
2013-12-19,79.575,81.015,77.202,77.202,22653
2013-12-20,79.107,80.052,76.439,76.439,17501
2013-12-23,79.861,79.861,76.439,76.439,11923
2013-12-27,76.439,79.441,76.439,76.628,6862
2013-12-30,77.202,78.916,74.771,78.879,95181
2014-01-02,78.203,80.042,76.448,78.822,4958
2014-01-03,78.631,78.936,78.536,78.936,1118
2014-01-07,78.936,78.936,78.174,78.822,2959
2014-01-08,80.012,80.012,75.866,75.866,92413
2014-01-09,75.866,78.059,72.054,74.342,185840
2014-01-10,74.294,74.294,73.426,73.866,2508
2014-01-13,73.484,76.248,73.446,74.886,6073
2014-01-14,76.201,76.724,75.429,76.333,89033
2014-01-15,76.439,77.631,76.439,77.631,33233
2014-01-16,78.679,79.107,77.202,79.107,58963
2014-01-17,79.107,79.613,78.746,78.841,1441
2014-01-20,78.631,78.841,77.744,78.841,48302
2014-01-21,77.592,80.538,77.592,80.108,5623
2014-01-22,80.071,81.309,80.071,81.005,23402
2014-01-23,81.005,81.252,80.538,81.005,3280
2014-01-24,80.967,81.005,80.538,80.824,3558
2014-01-27,80.814,80.824,80.108,80.528,51960
2014-01-28,80.442,80.909,79.212,80.213,5444
2014-01-29,80.213,80.719,79.776,79.813,3591
2014-01-30,80.061,80.099,77.011,77.821,5834
2014-01-31,77.831,78.536,77.345,78.536,10076
2014-02-03,77.687,78.536,77.392,78.536,2127
2014-02-04,78.536,78.536,77.011,77.192,7897
2014-02-05,77.202,79.899,76.638,77.678,44606
2014-02-06,79.107,79.766,78.631,78.802,2569
2014-02-07,78.802,79.107,77.449,77.459,9692
2014-02-10,77.44,79.107,77.154,77.497,20836
2014-02-11,77.488,78.154,77.011,77.202,48343
2014-02-12,78.154,78.774,77.974,78.67,7377
2014-02-13,78.822,79.585,78.822,79.107,49670
2014-02-14,79.766,80.709,79.594,80.709,3452
2014-02-17,80.729,84.635,80.729,83.816,4803
2014-02-18,82.92,83.397,82.452,83.14,2168
2014-02-19,82.91,82.92,81.11,82.825,17182
2014-02-20,81.3,81.91,80.328,81.776,2817
2014-02-21,82.825,82.825,79.107,82.557,2272
2014-02-24,82.634,83.587,82.443,83.206,4395
2014-02-25,83.491,84.826,83.491,84.35,6161
2014-02-26,84.54,84.712,80.442,81.204,1802
2014-02-27,80.452,82.054,80.452,80.729,7120
2014-02-28,80.643,82.806,78.298,78.936,5110
2014-03-03,77.297,78.869,77.297,78.154,24089
2014-03-04,77.297,80.919,77.297,78.374,6772
2014-03-05,78.631,79.107,78.154,78.203,2454
2014-03-06,78.631,78.631,77.212,78.193,1456
2014-03-07,78.203,78.203,77.392,77.583,11030
2014-03-10,77.583,78.135,76.03,77.202,25758
2014-03-11,76.716,76.82,76.401,76.448,388
2014-03-12,76.248,76.248,73.961,74.819,6424
2014-03-13,74.819,76.534,74.819,75.296,6210
2014-03-14,73.494,75.152,73.494,73.579,15442
2014-03-17,72.245,76.534,72.245,74.724,2821
2014-03-18,76.534,76.534,74.056,74.123,8126
2014-03-19,74.056,76.82,74.056,76.62,7957
2014-03-20,76.602,77.011,74.056,74.056,5338
2014-03-21,76.057,76.057,74.361,74.438,7718
2014-03-24,76.106,76.106,74.056,74.056,7711
2014-03-25,73.866,76.534,73.866,75.638,4510
2014-03-26,76.248,76.716,75.876,76.716,1493
2014-03-27,76.248,77.202,76.248,77.106,5395
2014-03-28,77.202,78.441,76.82,78.154,2541
2014-03-31,78.154,79.117,78.154,78.916,16491
2014-04-01,78.916,82.443,78.26,81.966,35570
2014-04-02,82.062,84.254,82.062,82.987,36054
2014-04-03,81.966,82.92,81.966,82.215,4622
2014-04-04,81.985,82.92,81.138,82.682,27116
2014-04-07,82.443,82.443,81.499,81.499,1137
2014-04-08,81.118,81.966,81.118,81.871,19422
2014-04-09,81.824,82.92,81.404,81.966,24469
2014-04-10,81.966,81.966,81.233,81.49,1257
2014-04-11,81.195,81.92,80.785,80.824,2885
2014-04-14,80.548,80.548,78.601,78.631,1374
2014-04-15,78.441,78.64,77.488,78.154,1850
2014-04-16,77.678,77.687,76.248,76.468,3589
2014-04-17,76.477,77.392,76.477,77.345,3989
2014-04-22,77.488,79.585,77.488,79.585,1770
2014-04-23,79.585,79.776,79.107,79.68,2662
2014-04-24,79.871,80.384,79.756,79.871,1807
2014-04-25,79.107,79.107,77.535,78.631,12634
2014-04-28,78.25,79.585,78.25,78.631,15516
2014-04-29,78.822,79.393,78.631,79.107,7121
2014-04-30,78.498,79.393,78.498,79.393,2604
2014-05-02,79.966,80.394,79.966,80.176,967
2014-05-05,80.061,80.298,80.061,80.061,4424
2014-05-06,80.061,81.966,80.061,81.015,5353
2014-05-07,79.413,80.957,79.413,80.872,21546
2014-05-08,80.118,80.889,79.536,80.775,11360
2014-05-09,80.824,80.824,77.592,79.393,17033
2014-05-12,79.642,79.776,76.343,78.154,7372
2014-05-13,77.202,77.202,76.734,77.106,11219
2014-05-14,79.632,84.273,79.632,84.273,16929
2014-05-15,82.94,86.733,82.92,84.273,100974
2014-05-16,86.723,86.723,84.35,84.76,3519
2014-05-19,84.826,84.826,83.912,84.064,8468
2014-05-20,84.064,84.817,83.922,84.817,11394
2014-05-21,84.684,86.875,84.684,85.779,50482
2014-05-22,86.638,86.638,84.979,85.779,37873
2014-05-23,86.638,86.733,86.246,86.675,541
2014-05-26,86.723,86.723,84.969,85.826,1573
2014-05-27,85.779,87.018,85.779,87.009,5675
2014-05-28,87.209,88.543,86.065,88.257,15329
2014-05-29,89.21,94.166,89.21,91.308,32594
2014-05-30,92.261,92.927,91.518,91.985,3177
2014-06-02,91.985,92.927,91.985,92.641,10583
2014-06-03,92.641,92.641,88.839,91.022,22002
2014-06-04,91.403,91.403,89.687,90.526,4994
2014-06-05,91.403,91.498,90.736,91.012,2573
2014-06-06,91.498,92.375,91.012,91.012,5483
2014-06-09,91.117,91.688,91.117,91.593,13765
2014-06-10,92.356,92.356,88.677,90.363,5703
2014-06-11,90.545,90.545,89.163,90.068,3325
2014-06-12,90.621,91.164,90.536,90.831,2296
2014-06-13,91.032,91.489,89.21,91.479,3451
2014-06-16,91.479,91.479,90.555,90.926,2533
2014-06-17,89.715,91.259,89.715,91.117,3579
2014-06-18,91.593,91.593,90.973,90.973,3594
2014-06-20,91.441,91.45,91.022,91.403,11033
2014-06-23,91.022,91.308,90.545,91.308,5757
2014-06-24,90.545,91.308,90.068,90.936,8317
2014-06-25,90.926,90.926,89.591,89.591,18515
2014-06-26,89.591,89.591,87.209,87.4,3192
2014-06-27,87.687,88.352,84.931,84.931,7986
2014-06-30,85.313,86.236,84.931,85.064,3322
2014-07-01,85.064,86.733,85.064,86.638,14394
2014-07-02,87.018,87.018,86.733,86.856,49697
2014-07-03,86.733,86.846,85.97,86.723,665
2014-07-04,85.97,86.837,85.97,86.837,476
2014-07-07,86.837,88.105,86.256,86.256,4226
2014-07-08,86.733,88.038,86.161,88.038,7943
2014-07-09,86.846,88.495,86.846,88.495,9049
2014-07-10,88.495,88.495,86.685,87.562,3059
2014-07-11,86.885,87.99,86.885,87.99,2605
2014-07-14,87.687,89.581,87.677,88.495,3890
2014-07-15,88.553,89.115,88.495,88.543,1017
2014-07-16,88.543,88.543,87.161,87.4,3370
2014-07-17,87.4,87.687,87.018,87.687,1896
2014-07-18,86.828,87.066,86.017,86.161,10206
2014-07-21,85.97,85.97,85.59,85.59,1547
2014-07-22,85.503,86.733,83.873,86.723,10418
2014-07-23,86.542,86.542,84.979,84.979,5249
2014-07-24,84.989,85.59,84.989,85.59,3080
2014-07-25,84.979,87.687,84.979,85.59,3814
2014-07-28,85.59,87.228,85.58,87.209,1678
2014-07-29,87.114,87.123,85.921,86.065,2979
2014-07-30,87.096,87.209,85.303,85.57,30069
2014-07-31,84.979,85.57,81.347,82.576,10133
2014-08-01,81.49,83.14,81.49,82.586,10075
2014-08-04,83.015,87.104,83.015,86.638,5232
2014-08-05,86.638,87.504,85.875,87.352,3401
2014-08-06,87.209,87.209,86.79,87.209,19393
2014-08-07,87.209,87.209,83.873,85.685,2079
2014-08-08,83.025,84.73,82.186,83.397,1960
2014-08-11,83.397,85.655,83.397,83.682,6678
2014-08-12,83.587,83.931,83.587,83.873,1303
2014-08-13,84.35,84.369,83.54,83.54,3303
2014-08-14,85.779,86.236,83.225,83.225,6182
2014-08-18,83.358,84.817,83.358,84.369,37609
2014-08-19,84.549,85.399,84.359,84.836,7488
2014-08-20,85.866,87.191,85.866,87.191,1367
2014-08-21,87.114,90.536,87.104,90.354,5957
2014-08-22,90.354,90.354,89.591,89.591,2310
2014-08-25,89.782,90.497,89.735,90.172,24279
2014-08-26,90.545,94.166,90.545,93.975,15208
2014-08-27,94.262,96.267,94.176,96.075,36265
2014-08-28,96.739,96.739,90.164,91.879,11524
2014-08-29,91.879,94.929,91.022,91.498,10088
2014-09-01,95.119,96.267,94.415,95.119,28523
2014-09-02,95.405,95.932,93.357,93.405,30668
2014-09-03,93.31,96.739,93.31,95.787,66466
2014-09-04,96.643,100.07,93.88,100.07,71456
2014-09-05,100.07,101.98,99.222,101.98,59929
2014-09-08,102.83,102.83,99.84,99.93,12992
2014-09-09,99.6,99.6,96.739,99.51,90289
2014-09-10,99.026,101.88,98.351,101.03,40767
2014-09-11,101.88,103.56,101.5,103.41,53669
2014-09-12,103.41,103.74,101.5,101.98,7533
2014-09-15,102.46,102.56,101.03,101.83,87208
2014-09-16,101.8,101.83,100.07,100.89,102769
2014-09-17,100.89,100.93,100.6,100.89,53434
2014-09-18,100.85,100.89,100.36,100.55,37720
2014-09-19,100.36,103.41,100.17,101.5,65748
2014-09-22,100.8,102.61,100.55,102.27,50206
2014-09-23,102.27,102.46,102.13,102.31,40193
2014-09-24,102.13,102.66,101.98,102.51,19471
2014-09-25,102.93,104.79,102.46,104.41,43042
2014-09-26,104.23,105.18,103.46,104.84,40974
2014-09-29,104.84,105.13,102.93,104.84,32307
2014-09-30,104.84,104.84,102.71,103.69,3986
2014-10-01,102.71,103.51,100.75,101.88,1568
2014-10-02,101.83,101.83,98.938,99.31,22935
2014-10-03,99.31,103.89,99.31,103.89,9384
2014-10-06,103.99,104.18,102.93,104.18,4869
2014-10-07,103.89,103.89,101.98,103.84,7257
2014-10-08,103.69,103.69,102.03,102.41,1191
2014-10-09,103.22,103.26,102.61,102.71,656
2014-10-10,102.27,102.27,100.07,101.5,84262
2014-10-13,101.45,101.5,100.22,101.5,5044
2014-10-14,100.12,102.46,99.124,101.5,5700
2014-10-15,102.41,102.41,100.07,100.07,9724
2014-10-16,99.65,100.85,99.31,100.07,11535
2014-10-17,99.271,101.03,97.548,100.55,4429
2014-10-20,100.45,100.93,99.408,100.93,1231
2014-10-21,100.65,102.93,99.89,102.93,20505
2014-10-22,102.93,102.93,102.46,102.93,2328
2014-10-23,102.93,102.93,101.75,102.56,936
2014-10-24,102.78,102.93,101.8,101.98,8896
2014-10-27,101.98,102.93,101.22,101.22,3352
2014-10-28,101.27,101.93,100.8,101.03,1465
2014-10-29,100.98,101.75,100.55,100.55,22014
2014-10-30,100.45,100.98,100.17,100.55,1465
2014-10-31,100.55,102.71,100.55,102.71,14312
2014-11-03,102.83,104.51,101.03,101.36,6588
2014-11-04,101.03,107.23,100.93,106.75,23493
2014-11-05,107.09,107.7,105.18,105.89,2732
2014-11-06,105.32,107.04,105.32,106.27,8081
2014-11-07,106.37,106.94,105.79,106.18,5031
2014-11-10,106.13,106.75,105.93,106.37,3523
2014-11-12,102.93,109.41,100.55,108.56,98843
2014-11-13,108.61,111.89,107.36,110.85,68146
2014-11-14,111.46,112.46,111.46,111.94,12240
2014-11-17,111.94,112.17,110.85,110.85,17810
2014-11-18,110.85,112.17,110.85,111.99,16825
2014-11-19,111.18,112.13,111.18,111.42,4426
2014-11-20,111.37,111.51,110.55,110.85,7141
2014-11-21,111.04,111.56,110.85,111.42,3487
2014-11-24,111.04,111.51,110.85,110.85,17373
2014-11-25,110.85,111.89,110.85,111.85,12520
2014-11-26,111.99,113.41,111.04,111.04,45412
2014-11-27,110.6,112.22,110.6,111.04,17540
2014-11-28,110.9,111.42,110.85,110.99,56526
2014-12-01,110.95,111.51,110.85,110.85,1429
2014-12-02,111.18,111.18,110.85,111.04,1135
2014-12-03,112.17,113.41,112.17,113.41,17303
2014-12-04,113.41,113.61,111.51,111.51,6508
2014-12-05,111.61,112.46,110.85,111.51,7235
2014-12-08,111.51,112.41,110.85,111.46,15167
2014-12-09,111.14,114.22,110.95,110.95,16844
2014-12-10,110.99,112.85,110.85,112.85,7139
2014-12-11,112.8,112.8,112.04,112.41,8624
2014-12-12,112.36,112.51,110.85,110.99,45953
2014-12-15,111.04,112.32,110.9,111.04,43355
2014-12-16,110.85,111.09,104.56,106.75,94601
2014-12-17,105.13,107.09,105.13,106.32,47055
2014-12-18,107.04,109.6,106.55,106.75,122318
2014-12-19,104.84,107.6,104.84,106.27,13001
2014-12-22,101.98,105.65,99.6,104.84,38402
2014-12-23,104.84,106.22,104.09,104.94,26913
2014-12-29,101.03,105.75,100.55,105.7,23982
2014-12-30,101.98,105.7,97.744,104.84,135658
2015-01-02,104.74,104.74,103.31,104.26,1989
2015-01-05,103.89,103.89,102.93,103.84,11185
2015-01-07,103.94,106.7,103.94,104.36,14744
2015-01-08,106.5,109.14,105.23,107.6,11270
2015-01-09,109.6,111.46,108.19,111.46,46225
2015-01-12,111.51,112.32,107.79,111.51,10435
2015-01-13,111.51,111.51,109.6,111.22,15124
2015-01-14,111.51,111.51,110.55,111.04,7402
2015-01-15,111.04,113.9,110.6,113.41,23238
2015-01-16,113.32,113.32,109.65,110.55,8183
2015-01-19,112.36,112.36,109.14,109.18,18855
2015-01-20,109.18,111.99,109.18,109.6,7870
2015-01-21,110.55,111.14,109.14,109.6,8827
2015-01-22,110.51,110.55,107.6,107.6,7075
2015-01-23,110.09,110.09,107.6,107.7,13889
2015-01-26,107.75,109.22,106.27,107.7,5258
2015-01-27,106.41,110.55,106.41,110.55,45542
2015-01-28,111.04,111.04,109.8,110.95,2777
2015-01-29,110.95,111.04,110,110,4519
2015-01-30,110.9,112.46,109.56,109.56,6675
2015-02-02,111.42,111.42,110.46,110.51,3876
2015-02-03,111.46,111.46,110.14,110.18,5208
2015-02-04,110.6,111.94,109.6,111.04,1720
2015-02-05,111.51,111.71,110.09,110.55,9313
2015-02-06,110.65,112.46,110.09,112.46,37975
2015-02-09,112.46,113.32,112.46,113.23,13971
2015-02-10,112.56,114.04,112.46,113.9,11177
2015-02-11,113.95,116.28,113.51,116.28,14331
2015-02-12,117.08,117.67,116.04,116.28,18131
2015-02-13,117.18,117.18,115.86,116.99,61713
2015-02-16,117.13,117.13,115.09,116.76,15098
2015-02-17,116.76,117.04,115.81,116.71,10043
2015-02-18,116.38,117.52,116.28,116.28,12968
2015-02-19,116.56,117.42,116.04,116.18,21862
2015-02-20,116.56,117.72,115.81,116.28,20529
2015-02-23,121.91,121.91,117.72,119.62,46080
2015-02-24,120.76,121.71,120.76,121.56,36840
2015-02-25,121.91,123.72,120.81,123,27523
2015-02-26,123.52,123.72,121.04,123.72,33757
2015-02-27,123.81,124.19,122.51,122.95,10196
2015-03-02,122.95,125.24,122.66,124.86,5704
2015-03-03,125.24,126.62,124.47,126.19,7652
2015-03-04,126.77,127.23,124.86,126.77,16564
2015-03-05,127.43,127.43,125.33,125.53,20302
2015-03-06,125.71,126.57,124.42,126.48,4817
2015-03-09,127.18,127.47,126.48,127.47,17837
2015-03-10,127.18,127.18,120.38,121.76,15420
2015-03-11,122.09,127.72,122.09,125.19,14878
2015-03-12,125.91,129.63,125.33,128.72,20454
2015-03-13,130.72,132.39,128.38,128.67,8266
2015-03-16,127.57,131.54,127.05,127.77,9561
2015-03-17,129.58,130.14,123.91,125.81,14604
2015-03-18,125.81,126.14,122.95,122.95,6802
2015-03-19,121.04,126.77,120.81,125.81,31117
2015-03-20,126.77,128.67,126.77,128.67,25355
2015-03-23,128.67,128.67,125.96,127.82,5512
2015-03-24,128,128.62,127.05,127.23,54959
2015-03-25,128.05,129.92,127.87,128.48,29076
2015-03-26,128.43,129.28,126.09,126.77,9274
2015-03-27,126.77,129.09,126.77,128.19,96987
2015-03-30,129.24,129.63,127.77,129.14,10650
2015-03-31,129.63,129.63,128.67,129.53,15493
2015-04-01,129.33,133.86,128.72,133.24,53331
2015-04-02,133.43,135,132.48,133.05,6229
2015-04-07,133.05,135.24,132.09,132.58,36018
2015-04-08,133.05,133.53,129,131.44,17524
2015-04-09,131.14,135.77,131.14,135.77,12185
2015-04-10,136.11,139.96,135.34,135.91,21775
2015-04-13,135.91,137.25,135.91,137.25,28094
2015-04-14,138.2,139.16,137.86,138.96,6335
2015-04-15,139.63,141.01,136.19,136.34,39050
2015-04-16,136.39,140.11,136.39,140.11,26389
2015-04-17,140.59,142.02,139.21,141.39,20841
2015-04-20,141.06,141.92,140.96,141.92,22771
2015-04-21,141.92,145.34,141.92,144.15,22982
2015-04-22,145.34,145.34,144.39,144.49,19494
2015-04-23,144.87,145.74,144.59,145.06,8464
2015-04-24,144.97,150.5,144.97,150.5,15546
2015-04-27,151.54,152.12,148.69,149.16,14668
2015-04-28,149.65,151.26,147.64,148.69,13568
2015-04-29,149.78,150.11,143.92,146.01,14586
2015-04-30,146.3,147.25,146.01,146.01,9101
2015-05-04,147.01,148.54,147.01,147.73,4648
2015-05-05,148.06,148.69,146.6,146.78,6184
2015-05-06,146.78,150.6,146.01,150.6,22709
2015-05-07,150.11,151.54,150.11,151.54,10269
2015-05-08,152.41,152.41,150.78,151.5,10020
2015-05-11,153.45,157.18,153.41,157.08,32815
2015-05-12,154.59,158.21,154.59,157.55,13555
2015-05-13,158.21,158.94,157.68,158.21,13475
2015-05-14,158.69,160.84,155.4,157.26,29738
2015-05-15,157.36,159.16,154.49,154.63,9495
2015-05-18,154.49,158.94,154.49,157.73,6651
2015-05-19,158.16,158.94,152.55,157.73,18265
2015-05-20,157.26,157.59,156.3,157.26,10534
2015-05-21,157.26,158.11,156.3,157.18,12644
2015-05-22,157.26,158.21,157.18,158.16,22056
2015-05-25,156.5,158.03,152.6,154.83,5577
2015-05-26,154.41,156.6,154.41,155.93,15951
2015-05-27,155.83,157.18,154.41,155.64,18702
2015-05-28,155.74,156.22,154.54,155.36,2960
2015-05-29,155.36,155.55,153.41,153.73,34775
2015-06-01,153.45,154.88,153.07,154.88,12625
2015-06-02,154.97,154.97,153.02,153.45,9968
2015-06-03,153.45,154.41,153.02,153.45,16580
2015-06-05,153.45,153.45,149.91,151.07,9620
2015-06-08,150.11,150.11,146.11,148.72,15111
2015-06-09,148.49,148.69,140.25,144.39,35676
2015-06-10,142.97,147.25,142.97,147.25,20792
2015-06-11,147.78,149.01,143.92,146.11,10150
2015-06-12,145.82,145.82,143.92,144.87,5256
2015-06-15,143.49,144.87,140.49,144.64,9538
2015-06-16,144.3,145.64,144.01,144.92,4153
2015-06-17,146.3,146.3,143.54,143.54,8722
2015-06-18,142.63,144.78,142.63,143.92,7333
2015-06-19,144.69,145.82,143.54,143.54,11402
2015-06-22,143.06,147.73,143.06,147.55,11262
2015-06-23,149.11,151.26,148.72,150.97,20744
2015-06-24,151.07,152.97,150.6,152.02,4778
2015-06-25,151.82,152.41,147.78,147.82,7993
2015-06-26,148.69,151.41,148.69,149.78,10604
2015-06-29,144.59,148.21,134.49,148.21,10221
2015-06-30,147.24,149.17,145.41,145.41,10692
2015-07-01,146.77,149.07,145.56,146.85,7217
2015-07-02,146.85,150.13,146.85,149.17,12647
2015-07-03,149.37,149.37,147.34,148.69,2157
2015-07-06,145.36,148.78,145.36,147.73,10001
2015-07-07,148.69,149.27,147.73,147.82,11942
2015-07-08,147.24,148.11,145.51,147.73,18182
2015-07-09,147.24,150.71,146.48,150.71,3893
2015-07-10,152.35,154.55,152.25,153.98,28768
2015-07-13,153.98,161.3,153.07,159.99,48682
2015-07-14,161.15,161.15,157.88,158.8,9889
2015-07-15,159.76,161.2,158.65,160.67,9679
2015-07-16,161.59,161.69,160.72,161.69,47088
2015-07-17,161.87,163.52,161.59,163.22,36916
2015-07-20,163.6,164.96,160.67,163.03,12771
2015-07-21,163.6,163.6,158.03,163.42,17307
2015-07-22,161.05,163.32,160.72,160.72,3653
2015-07-23,160.72,162.02,160.72,161.69,5861
2015-07-24,163.08,163.57,161.69,163.57,25304
2015-07-27,163.13,163.52,161.15,162.83,3669
2015-07-28,162.83,163.47,162.02,162.83,1055
2015-07-29,162.65,165.53,162.02,165.29,5224
2015-07-30,165.53,169.62,165.53,167.5,7849
2015-07-31,168.42,169.14,165.62,166.87,18516
2015-08-03,168.42,168.42,163.6,167.55,33505
2015-08-04,167.5,171.25,167.5,169.86,18743
2015-08-05,170.39,173.22,168.7,170.78,34003
2015-08-06,170.83,171.74,168.56,170.34,9763
2015-08-07,169.71,173.04,169.53,170.83,14451
2015-08-10,170.88,174.1,170.88,171.3,7036
2015-08-11,173.22,174.82,171.25,173.76,13949
2015-08-12,174.57,177.03,174.53,175.49,18172
2015-08-13,177.08,180.45,174.24,175.64,24960
2015-08-14,177.46,178.33,175.15,175.54,8173
2015-08-17,175.54,176.6,174.67,174.67,20312
2015-08-18,174.67,175.45,174.28,175.15,16990
2015-08-19,175.4,176.21,174.77,175.64,7332
2015-08-20,175.15,175.15,169.86,174.06,20877
2015-08-21,173.22,174.14,170.34,174.06,20615
2015-08-24,168.42,169.38,165.05,168.32,45253
2015-08-25,163.6,169.86,162.16,167.94,35741
2015-08-26,168.32,168.32,154.45,162.25,49133
2015-08-27,165.72,170.53,165.53,168.61,12550
2015-08-28,171.3,171.3,163.6,169.34,12650
2015-08-31,159.86,168.42,157.93,168.09,9031
2015-09-01,166.16,167.07,164.28,165.58,28346
2015-09-02,165.53,166.97,161.87,163.6,13638
2015-09-03,163.6,163.6,160.09,163.13,21988
2015-09-04,163.6,166.5,162.65,163.32,41993
2015-09-07,163.37,164.48,161.49,164.38,15888
2015-09-08,164.52,166.31,161.49,165.05,20508
2015-09-09,164.81,166.35,164.18,166.35,20987
2015-09-10,165.87,166.5,163.65,166.5,14401
2015-09-11,166.26,166.4,162.65,165.91,19505
2015-09-14,165.53,165.91,162.65,165.1,9697
2015-09-15,165.14,165.53,162.65,165.34,4931
2015-09-16,164.23,165.29,163.65,164.76,2751
2015-09-17,165.05,165.24,164.18,164.57,8770
2015-09-18,162.88,165.62,162.83,164.96,27861
2015-09-21,164.96,165.24,164.18,165.24,12271
2015-09-22,165.24,165.34,164.96,165.14,2590
2015-09-23,165.14,165.53,164.96,165.14,77114
2015-09-24,165.53,165.53,164.76,165.39,2696
2015-09-25,165.53,168.42,165.53,167.46,3547
2015-09-28,168.42,168.42,165.14,165.96,2976
2015-09-29,165.05,165.05,163.7,164.57,18134
2015-09-30,163.6,167.55,163.6,167.55,11157
2015-10-01,167.65,167.65,165.05,165.53,17836
2015-10-02,166.45,166.45,163.99,164.57,8961
2015-10-05,165.29,167.41,164.91,167.41,4007
2015-10-06,166.78,167.7,166.5,167.46,7669
2015-10-07,167.6,173.22,166.97,173.22,50773
2015-10-08,169.43,175.15,169.43,173.62,5339
2015-10-09,173.86,175.05,173.32,174.38,6792
2015-10-12,173.22,174.33,172.36,173.62,16781
2015-10-13,173.22,173.62,173.22,173.42,2792
2015-10-14,172.31,177.13,172.31,174.77,5922
2015-10-15,176.11,178.04,175.64,176.11,48629
2015-10-16,176.11,176.11,173.22,174.82,9013
2015-10-19,172.74,175.15,172.74,175.15,3325
2015-10-20,174.24,178.04,174.24,178.04,4542
2015-10-21,178.76,179.39,177.03,177.84,5076
2015-10-22,178.04,178.48,175.83,176.8,8319
2015-10-23,177.08,178.04,176.6,177.56,245446
2015-10-26,178.43,178.43,175.88,176.16,5808
2015-10-27,177.76,178.04,176.6,176.6,6275
2015-10-28,175.74,177.89,174.77,175.88,5043
2015-10-29,175.74,176.11,173.52,174.97,9109
2015-10-30,175.15,177.66,174.28,177.03,9599
2015-11-02,177.46,178.53,177.08,177.41,63375
2015-11-03,177.46,178.14,177.13,177.32,19995
2015-11-04,177.32,184.39,177.32,183.81,22847
2015-11-05,182.85,182.85,180.54,180.93,7322
2015-11-06,180.93,180.93,176.85,176.85,4350
2015-11-09,176.6,178.04,175.1,176.11,5630
2015-11-10,176.11,176.11,172.27,172.27,11485
2015-11-12,173.71,174.77,168.42,173.71,31490
2015-11-13,177.08,181.7,177.08,180.68,24465
2015-11-16,180.68,182.85,180.54,182.81,53590
2015-11-17,182.85,182.85,179,179,20209
2015-11-18,180.45,182.61,179,180.93,5109
2015-11-19,181.85,181.85,178.53,178.95,42359
2015-11-20,179.92,179.92,176.16,177.08,9848
2015-11-23,178.58,178.58,174.19,174.19,10426
2015-11-24,175.15,177.08,175.05,177.08,13342
2015-11-25,177.76,182.66,177.56,182.18,65566
2015-11-26,182.47,185.84,180.63,184.06,27912
2015-11-27,184.06,184.06,177.71,180.93,26653
2015-11-30,179,181.75,179,179.92,148791
2015-12-01,181.51,181.51,177.36,180.02,15319
2015-12-02,179.87,183.81,176.16,177.89,41677
2015-12-03,177.08,177.76,173.37,175.1,16535
2015-12-04,175.15,176.6,172.27,174.87,35386
2015-12-07,174.92,178.14,174.67,177.08,21817
2015-12-08,177.08,180.68,176.11,178.04,24682
2015-12-09,178.04,179.1,174.67,178.04,241867
2015-12-10,178.04,178.04,172.31,172.31,14465
2015-12-11,172.31,174.57,164.08,166.87,50023
2015-12-14,166.35,166.35,162.16,164.18,110213
2015-12-15,164.08,173.22,163.94,170.83,61197
2015-12-16,171.3,172.03,168.42,168.42,16996
2015-12-17,168.42,172.31,167.22,172.31,27305
2015-12-18,173.04,173.04,167.65,170.25,9904
2015-12-21,170.25,171.3,169.19,170.83,6179
2015-12-22,170.34,170.92,167.46,167.46,4627
2015-12-23,167.46,167.65,165.67,166.01,12866
2015-12-28,166.01,167.6,166.01,167.22,7409
2015-12-29,168.42,170.34,168.42,169.76,6143
2015-12-30,169.38,169.53,166.4,167.46,34217
2016-01-04,165.53,167.46,163.6,164.57,73642
2016-01-05,164.08,167.5,164.08,165.05,25540
2016-01-07,163.6,164.57,156.92,161.2,35968
2016-01-08,160.72,161.59,154.94,155.24,68364
2016-01-11,154.85,154.85,146.28,148.21,188318
2016-01-12,146.38,151,146.38,150.71,47739
2016-01-13,151,154.45,151,154.18,40501
2016-01-14,153.98,153.98,146.85,147.78,40996
2016-01-15,147.24,149.12,145.8,146.58,32429
2016-01-18,144.36,146.28,141.09,144.36,23278
2016-01-19,146.63,147.73,145.28,145.28,49464
2016-01-20,145.9,145.94,143.59,143.79,41154
2016-01-21,143.79,145.41,142.43,145.41,89084
2016-01-22,146.28,148.64,145.32,148.54,44521
2016-01-25,149.12,155.33,149.12,154.45,13765
2016-01-26,152.35,157.3,150.13,155.81,15457
2016-01-27,154.94,158.8,154.94,158.8,29260
2016-01-28,158.8,160.67,155.09,155.09,31374
2016-01-29,156.05,157.78,156.05,157.4,15930
2016-02-01,157.4,162.65,157.4,162.35,22860
2016-02-02,162.65,163.52,160.77,163.03,11266
2016-02-03,162.02,162.6,157.83,159.12,15655
2016-02-04,160.82,163.6,159.51,163.22,23782
2016-02-05,163.6,165.53,160.91,161.69,36935
2016-02-08,161.69,162.65,158.46,158.8,22940
2016-02-09,158.7,165.05,157.12,160.43,18292
2016-02-10,160.24,164.57,160.09,160.62,12522
2016-02-11,162.65,163.57,158.7,161.34,12941
2016-02-12,161.34,162.55,160.72,160.72,10397
2016-02-15,160.72,163.99,156.43,162.65,29368
2016-02-16,163.13,163.42,159.27,160.24,24947
2016-02-17,160.86,162.93,160.86,162.65,20527
2016-02-18,163.08,165.53,161.05,163.7,14621
2016-02-19,164.81,165.34,162.16,164.96,32774
2016-02-22,165.34,172.89,165.1,172.03,33467
2016-02-23,172.03,180.4,170.88,179.49,107154
2016-02-24,176.4,177.89,175.3,176.5,34250
2016-02-25,175.05,175.05,169.57,170.68,39470
2016-02-26,172.71,172.71,169.14,169.86,27310
2016-02-29,170.68,176.06,169.62,175.54,21010
2016-03-01,177.94,177.94,173.66,174.19,7881
2016-03-02,174.62,175.25,173.27,174.1,5935
2016-03-03,175.15,180.78,175.15,180.45,58251
2016-03-04,180.45,182.85,178.43,181.7,22381
2016-03-07,181.85,182.85,179,181.89,28544
2016-03-08,181.89,182.37,180.07,182.37,28749
2016-03-09,182.37,182.37,180.98,181.89,35433
2016-03-10,181.85,182.85,180.78,182.03,36019
2016-03-11,181.89,182.71,179.39,180.45,26929
2016-03-14,180.26,185.26,179.54,184.11,33351
2016-03-15,182.85,187.57,182.85,187.57,31973
2016-03-16,185.74,185.74,181.32,183.1,50148
2016-03-17,183.1,183.67,180.93,181.89,37779
2016-03-18,180.93,181.89,170.34,176.11,155518
2016-03-21,176.11,180.02,176.11,176.98,16021
2016-03-22,176.31,177.66,174.1,177.08,42051
2016-03-23,177.36,177.89,176.21,176.6,22076
2016-03-24,177.41,177.41,174.97,176.6,35648
2016-03-29,176.4,177.28,175.83,177.28,148256
2016-03-30,177.28,177.94,174.38,176.11,11695
2016-03-31,175.05,176.11,173.22,173.22,35868
2016-04-01,173.13,173.22,170.92,171.3,76988
2016-04-04,171.3,176.06,171.3,174.19,8756
2016-04-05,173.37,173.96,171.3,171.3,37254
2016-04-06,171.79,172.22,166.26,167.36,43971
2016-04-07,166.5,173.09,166.21,170.83,12120
2016-04-08,170.44,179,170.44,179,24399
2016-04-11,179,179,171.88,173.71,18218
2016-04-12,174.19,176.85,173.37,174.19,45384
2016-04-13,173.22,180.4,173.22,180.4,41638
2016-04-14,179.1,179.1,176.26,178.9,21427
2016-04-15,178.9,179.87,177.36,178.38,43466
2016-04-18,178.38,180.45,176.16,180.4,24784
2016-04-19,179.97,181.42,178.9,180.21,14932
2016-04-20,180.31,184.25,178.28,183.34,26980
2016-04-21,182.85,184.78,179.49,180.4,26044
2016-04-22,180.35,185.69,178.24,178.28,32830
2016-04-25,179.19,180.73,177.18,178.33,12086
2016-04-26,179.87,182.37,178.43,178.9,77176
2016-04-27,181.32,182.28,177.8,181.89,7792
2016-04-28,181.89,182.9,178.48,179,37254
2016-04-29,178.19,183.34,178.19,183.34,37271
2016-05-02,182.85,183.47,180.83,181.42,51094
2016-05-04,180.93,183.15,179.59,181.42,93566
2016-05-05,181.42,181.89,179,181.07,13914
2016-05-06,180.35,181.89,179.1,180.93,17847
2016-05-09,180.93,182.71,179,181.6,60825
2016-05-10,181.12,182.33,179,180.98,103283
2016-05-11,180.98,184.06,180.16,184.06,46977
2016-05-12,182.85,183.72,181.12,183.15,34313
2016-05-13,182.85,183.76,181.98,183.72,18954
2016-05-16,183.72,183.72,179.97,181.89,49868
2016-05-17,181.89,186.7,181.89,184.78,52626
2016-05-18,184.78,186.7,183.05,186.7,50667
2016-05-19,186.6,186.6,181.89,181.93,14380
2016-05-20,179.97,184.78,179.97,182.85,19890
2016-05-23,182.85,184.25,182.51,184.25,26079
2016-05-24,182.85,185.26,182.85,183.29,30139
2016-05-25,184.01,185.26,182.66,183.81,18817
2016-05-27,183.81,185.26,183.47,184.78,38205
2016-05-30,185.16,185.16,181.17,181.32,26868
2016-05-31,180.98,184.3,180.93,184.2,30100
2016-06-01,183.81,183.81,179.15,179.97,19820
2016-06-02,179.1,181.42,178.58,179.97,13416
2016-06-03,179.97,182.85,179.54,181.12,13380
2016-06-06,182.85,183.81,180.98,181.42,19351
2016-06-07,181.42,185.07,181.42,184.78,108252
2016-06-08,184.78,184.78,183.47,184.49,46968
2016-06-09,184.73,185.45,182.95,185.45,24119
2016-06-10,185.45,185.64,184.16,185.4,8797
2016-06-13,185.4,185.4,181.17,182.37,13984
2016-06-14,182.85,183.76,174.33,177.94,26765
2016-06-15,177.94,184.2,177.36,182.81,27886
2016-06-16,182.85,183.15,180.07,180.78,24430
2016-06-17,180.93,187.62,180.54,187.57,44054
2016-06-20,187.57,187.57,182.51,187.28,34559
2016-06-21,187.19,187.62,186.46,187.62,29701
2016-06-22,187.62,187.62,186.37,187.42,11611
2016-06-23,187.09,202.1,187.09,196.57,49220
2016-06-24,179.92,187.62,178.14,184.49,50622
2016-06-27,185.74,186.7,184.34,185.55,11120
2016-06-28,185.55,192.04,185.55,191.71,34433
2016-06-29,193.39,196.13,190.79,192.47,43391
2016-06-30,192.47,194.21,191.04,194.21,10300
2016-07-01,192.39,194.21,191.51,194.21,90762
2016-07-04,190.79,190.79,188.25,189.54,13121
2016-07-05,189.59,190.16,187.72,188.63,7447
2016-07-06,188.53,190.56,187.67,187.67,11669
2016-07-07,189.56,198.37,187.77,197.88,96542
2016-07-08,198.12,200.3,195.55,198.84,16722
2016-07-11,197.39,201.76,197.39,201.66,40677
2016-07-12,201.81,205.41,201.81,203.22,115554
2016-07-13,203.22,204,201.71,202.54,134656
2016-07-14,202.25,203.17,201.13,201.48,40558
2016-07-15,201.28,201.28,200.3,200.3,3698
2016-07-18,200.3,202.25,199.24,201.57,42714
2016-07-19,202.25,202.25,199.38,199.73,13735
2016-07-20,200.25,200.3,197.53,200.3,17688
2016-07-21,201.28,201.28,199.28,200.6,11238
2016-07-22,200.69,201.28,199.33,200.55,11479
2016-07-25,200.3,200.5,199.14,199.63,62453
2016-07-26,199.63,201.23,198.75,198.84,8057
2016-07-27,199.38,201.28,197.88,199.63,53413
2016-07-28,199.82,202.25,198.84,201.28,8577
2016-07-29,201.76,204.2,200.6,203.71,69621
2016-08-01,204.2,205.17,203.22,205.17,13495
2016-08-02,205.17,218.73,205.17,213.04,40299
2016-08-03,212.95,216.93,211.1,216.65,28039
2016-08-04,216.65,217.81,213.14,214.8,8029
2016-08-05,214.01,217.61,211.83,216.65,14137
2016-08-08,215.09,215.86,207.51,212.6,23033
2016-08-09,211.05,218.58,211.05,218.58,32206
2016-08-10,215.86,218.78,215.86,218.58,22278
2016-08-11,218.78,219.22,216.84,219.22,19125
2016-08-12,219.07,226.41,219.07,226.41,14666
2016-08-16,228.51,231.86,227.05,228.65,110851
2016-08-17,228.65,229.43,226.07,227.53,32810
2016-08-18,230.31,230.31,227.58,228.85,17893
2016-08-19,230.36,230.36,227.58,228.95,8569
2016-08-22,229.96,235.94,229,234.34,31083
2016-08-23,235.7,242.66,234.68,239.2,17672
2016-08-24,240.17,241.24,236.29,237.26,31457
2016-08-25,239.68,241.1,238.91,240.17,26330
2016-08-26,242.12,242.61,239.78,241.43,25661
2016-08-29,233.37,233.37,219.27,220.63,69626
2016-08-30,218.78,218.78,209.54,210.13,79620
2016-08-31,210.03,219.32,210.03,218.78,46653
2016-09-01,219.76,225.25,219.02,224.61,73291
2016-09-02,223.69,227.82,223.69,226.12,49908
2016-09-05,227.05,233.17,225.83,229.96,36461
2016-09-06,233.37,239.78,232.49,239.1,68116
2016-09-07,238.22,238.22,233.8,235.11,30612
2016-09-08,236.29,241,235.31,240.91,28932
2016-09-09,239.93,239.93,233.37,235.55,35534
2016-09-12,233.75,237.65,228.8,228.8,23028
2016-09-13,229.96,234.34,225.79,228.51,21302
2016-09-14,228.65,233.95,228.65,230.93,16328
2016-09-15,229.57,237.26,229.48,236.29,27329
2016-09-16,236.29,245.86,235.5,245.48,149225
2016-09-19,243.09,248.87,239.98,243.19,56542
2016-09-20,242.22,246.49,242.12,242.12,125650
2016-09-21,242.12,243.92,240.17,240.17,55991
2016-09-22,242.75,244.74,240.66,242.61,63191
2016-09-23,242.89,245.91,241.58,242.12,114808
2016-09-26,243.09,244.07,241.34,242.17,42931
2016-09-27,241.63,242.46,241.05,242.12,39405
2016-09-28,241.15,245.96,236.91,237.74,82299
2016-09-29,237.65,242.02,228.51,228.51,71799
2016-09-30,221.7,233.65,218.97,231.42,145424
2016-10-03,233.22,234.24,228.75,228.75,47073
2016-10-04,228.8,231.23,223.64,225.59,36284
2016-10-05,223.84,229.43,222.53,228.51,35760
2016-10-06,230.26,230.26,221.7,223.64,23193
2016-10-07,224.03,226.36,216.01,217.32,50055
2016-10-10,218.78,223.64,214.89,219.76,36795
2016-10-11,221.07,223.94,214.11,217.96,47228
2016-10-12,214.01,219.76,211.1,211.83,50245
2016-10-13,213.82,216.74,208.72,209.21,42922
2016-10-14,209.35,219.56,209.35,210.32,34172
2016-10-17,213.92,217.71,212.27,216.55,20424
2016-10-18,217.57,222.58,215.37,221.22,33354
2016-10-19,222.67,222.67,218.78,221.94,63856
2016-10-20,223.25,223.45,220.73,221.07,48237
2016-10-21,222.62,222.62,211.54,212.27,24066
2016-10-24,212.51,216.84,210.8,212.46,28172
2016-10-25,213.92,214.8,210.13,212.03,69454
2016-10-26,212.17,213.44,209.25,212.22,21545
2016-10-27,211.15,214.16,211.15,214.16,41899
2016-10-28,214.16,214.16,211,211,6428
2016-10-31,211.19,221.22,211.19,221.22,49601
2016-11-02,220.24,220.24,198.99,200.3,59014
2016-11-03,205.17,205.17,194.47,195.4,59054
2016-11-04,194.47,194.47,186.89,193.4,61715
2016-11-07,194.86,198.02,190.63,194.52,25737
2016-11-08,194.52,194.52,190.83,193.16,58037
2016-11-09,185.72,192.52,185.72,189.37,43932
2016-11-10,191.55,194.47,189.7,192.96,53503
2016-11-14,193.45,198.6,189.9,194.47,52509
2016-11-15,195.45,196.81,190.68,195.93,27614
2016-11-16,197.29,197.29,190.78,192.82,34071
2016-11-17,193.26,193.4,188.88,190.19,34821
2016-11-18,191.51,191.85,187.67,191.85,44985
2016-11-21,189.61,194.47,188.64,192.82,29452
2016-11-22,193.21,198.56,193.06,196.42,74259
2016-11-23,195.73,204.05,194.62,203.22,40722
2016-11-24,204.2,212.8,201.76,210.03,55595
2016-11-25,211.98,212.95,205.7,207.46,18338
2016-11-28,209.01,209.01,201.81,204.97,20525
2016-11-29,204.92,204.92,201.28,202.74,28501
2016-11-30,203.22,204.39,195.78,199.33,58910
2016-12-01,198.37,199.33,193.5,197.97,23559
2016-12-02,200.45,201.76,197.39,201.48,40080
2016-12-05,203.61,204.68,199.92,200.5,14786
2016-12-06,200.6,204.2,197.44,204.2,24262
2016-12-07,204.3,211.1,199.43,205.12,41858
2016-12-08,205.12,210.8,203.71,209.06,25941
2016-12-09,208.08,213.53,208.08,213.44,53527
2016-12-12,213.44,218.68,212.46,217.81,29772
2016-12-13,216.88,221.31,216.88,220.63,57167
2016-12-14,220.73,222.38,217.81,221.5,58774
2016-12-15,220.73,220.73,216.11,218.15,17427
2016-12-16,208.96,222.67,206.82,221.7,43000
2016-12-19,219.76,230.79,216.98,228.51,65889
2016-12-20,226.56,232.2,225.59,232.2,58942
2016-12-21,232.2,232.34,230.45,230.45,26312
2016-12-22,230.79,230.79,221.84,225.64,16222
2016-12-23,225.64,230.93,225.59,229.38,10866
2016-12-27,228.51,232.15,228.51,229.23,8967
2016-12-28,228.6,233.37,228.6,233.37,15038
2016-12-29,232.39,233.37,228.02,228.02,24890
2016-12-30,224.61,230.93,223.74,230.45,33263
2017-01-02,230.36,230.36,228.02,230.21,12242
2017-01-03,227.53,230.26,226.56,229.03,14136
2017-01-04,229.48,229.57,224.43,224.71,16274
2017-01-05,223.64,230.06,223.01,225.49,27965
2017-01-09,227.24,228.46,223.69,225.59,16206
2017-01-10,225.59,230.45,223.64,230.45,25086
2017-01-11,230.45,238.14,229.62,235.31,86530
2017-01-12,237.11,241.05,231.47,233.37,26438
2017-01-13,233.37,236.29,230.54,235.26,27179
2017-01-16,234.34,238.22,233.6,235.31,8915
2017-01-17,236.29,238.22,234.93,235.99,4393
2017-01-18,237.26,239.64,234.44,237.84,13946
2017-01-19,238.62,242.12,238.27,241.1,13344
2017-01-20,241.05,242.02,235.55,237.11,18190
2017-01-23,238.22,245.86,237.6,240.02,23721
2017-01-24,238.47,244.74,238.47,242.99,41959
2017-01-25,241.63,243.09,241.1,242.61,12478
2017-01-26,242.99,244.74,241.68,242.27,12476
2017-01-27,243.09,243.09,241.15,242.99,4680
2017-01-30,242.84,242.89,232.64,237.16,16174
2017-01-31,236.29,240.86,233.7,239.01,31718
2017-02-01,239.01,241,228.51,233.8,24551
2017-02-02,233.37,239.98,233.27,235.8,8436
2017-02-03,236.04,237.16,228.6,228.6,12366
2017-02-06,227.77,233.08,223.64,227.44,15154
2017-02-07,224.91,227.44,220.29,224.23,47329
2017-02-08,222.67,230.59,220.87,230.59,56487
2017-02-09,231.03,239.4,231.03,236.77,24939
2017-02-10,236.34,238.52,231.42,237.26,6620
2017-02-13,237.26,241.15,237.26,239.83,13646
2017-02-14,239.59,239.68,234.39,239.35,18173
2017-02-15,236.34,238.57,235.41,235.75,137014
2017-02-16,235.36,239.68,235.36,237.26,27770
2017-02-17,238.22,241.15,237.26,241.15,39651
2017-02-20,241.15,243.09,239.98,242.71,33968
2017-02-21,242.71,242.71,239.35,241.15,7343
2017-02-22,241.43,242.66,241.24,242.12,29324
2017-02-23,242.56,242.99,239.73,241.34,17721
2017-02-24,241.24,242.07,237.21,239.2,35996
2017-02-27,235.8,241.34,235.31,240.17,25713
2017-02-28,241.15,241.15,234,238.22,48559
2017-03-01,240.02,240.07,229.62,232.44,32875
2017-03-02,231.42,236.14,228.51,229.96,41471
2017-03-03,230.45,230.54,227.53,229.28,23798
2017-03-06,229.96,230.59,224.03,226.61,27202
2017-03-07,226.61,228.56,221.89,226.95,48281
2017-03-08,225.05,227.49,224.13,224.71,28025
2017-03-09,224.61,230.74,224.61,228.51,36882
2017-03-10,230.26,238.81,230.21,236.53,34657
2017-03-13,237.65,239.55,233.47,238.22,60176
2017-03-14,239.15,239.15,233.52,236.34,31837
2017-03-15,236.29,237.21,230.69,233.85,31286
2017-03-16,234.29,234.53,231.91,232.1,39398
2017-03-17,233.37,233.37,231.47,232.64,37297
2017-03-20,232.64,233.32,228.9,232.01,14325
2017-03-21,233.37,236.67,230.26,231.91,78755
2017-03-22,228.8,229.87,222.18,226.56,73775
2017-03-23,225.59,232.29,225.59,229.18,66323
2017-03-24,228.51,229.72,226.07,226.31,42712
2017-03-27,225.15,225.59,220.82,222.18,51630
2017-03-28,229.48,234.34,229.48,233.27,59983
2017-03-29,233.37,234.09,231.42,233.57,6631
2017-03-30,232.73,234.34,231.52,233.37,141634
2017-03-31,233.57,234.29,232.73,233.95,101541
2017-04-03,233.37,236.04,232.01,234.68,11468
2017-04-04,235.31,236.24,233.7,236.09,27610
2017-04-05,237.26,247.28,237.26,246.98,86243
2017-04-06,247.28,255.68,246.49,254.71,107589
2017-04-07,255.24,258.65,250.97,251.93,131007
2017-04-10,251.93,251.93,247.85,249.9,13260
2017-04-11,248.92,249.36,244.16,245.04,16427
2017-04-12,246.88,248.25,243.19,244.35,50854
2017-04-13,244.07,246.74,242.66,244.89,87998
2017-04-18,246,249.07,246,246.98,63156
2017-04-19,247.18,255.73,246.98,253.11,51937
2017-04-20,254.95,262.49,254.22,262.3,47647
2017-04-21,263.41,267.4,262.53,266.18,105827
2017-04-24,266.43,272.26,262.49,270.95,31770
2017-04-25,272.26,274.93,272.26,273.57,57640
2017-04-26,275.18,277.47,271.44,277.47,129536
2017-04-27,281.69,281.69,268.42,268.81,40726
2017-04-28,268.38,285.82,268.38,278.09,68581
2017-05-02,281.99,296.76,281.01,285.2,60276
2017-05-04,285.87,294.82,283.93,287.43,206351
2017-05-05,287.92,291.27,283.05,285.73,68803
2017-05-08,287.72,289.72,281.01,285.87,54882
2017-05-09,285.48,286.02,281.4,282.76,20628
2017-05-10,280.04,289.47,273.47,287.82,63773
2017-05-11,286.85,309.69,285.2,309.11,137803
2017-05-12,308.23,310.43,301.68,306.63,33162
2017-05-15,306.68,316.01,306.44,306.92,52448
2017-05-16,306.97,308.38,295.7,297.4,66304
2017-05-17,296.86,305.17,294.67,298.32,58511
2017-05-18,295.31,295.31,286.61,288.79,74761
2017-05-19,289.77,298.32,285.87,295.16,47724
2017-05-22,293.65,298.22,289.57,291.27,26759
2017-05-23,291.27,295.6,289.38,292.39,21800
2017-05-24,290.44,294.57,289.9,290.3,9263
2017-05-25,293.41,293.65,288.84,290.64,14730
2017-05-26,291.13,293.46,288.89,292.24,60167
2017-05-29,292.24,292.24,289.03,290.74,9264
2017-05-30,290.74,291.56,288.79,289.57,6667
2017-05-31,290.74,301.38,290.2,292.59,58043
2017-06-01,292.68,307.27,292.68,305.32,19259
2017-06-02,303.38,312.72,303.09,311.64,29686
2017-06-05,312.03,315.77,302.4,305.37,17867
2017-06-06,305.37,311.06,300.65,300.89,28393
2017-06-07,302.4,304.3,297.88,301.63,44757
2017-06-08,302.21,302.21,298.66,300.22,28511
2017-06-09,300.46,303.09,296.62,297.73,47277
2017-06-12,298.03,299.14,287.23,290.74,19393
2017-06-13,289.28,298.96,289.28,296.57,22307
2017-06-14,296.57,300.6,296.52,298.27,13586
2017-06-16,299.34,301.73,291.71,291.71,42535
2017-06-19,293.75,296.42,290.74,291.71,41230
2017-06-20,291.71,293.41,289.47,291.95,75697
2017-06-21,292.19,294.62,289.28,293.65,54469
2017-06-22,294.62,303.18,294.57,299.29,32289
2017-06-23,301.24,301.24,296.57,298.52,16665
2017-06-26,299.93,307.17,297.3,307.17,81046
2017-06-27,307.27,312.32,301.43,304.35,47600
2017-06-28,305.33,305.33,298.48,304.25,29401
2017-06-29,303.37,304.1,292.61,297.5,51079
2017-06-30,299.21,301.41,296.32,301.41,16320
2017-07-03,302.2,302.2,294.22,298.38,9889
2017-07-04,297.5,297.5,289.03,292.9,54316
2017-07-05,293.58,296.91,293.58,296.91,59433
2017-07-06,296.52,298.48,295.79,297.11,45465
2017-07-07,297.11,297.21,291.82,294.56,18225
2017-07-10,294.66,300.43,294.66,298.48,41787
2017-07-11,299.16,300.39,294.81,295,20108
2017-07-12,295.1,300.43,293.73,300.43,62042
2017-07-13,299.95,301.95,294.42,295.49,27763
2017-07-14,295.49,300.43,295.25,300.39,59650
2017-07-17,300.43,309.58,300.43,306.7,37941
2017-07-18,305.77,312.67,305.33,312.67,43979
2017-07-19,312.67,314.92,308.75,310.71,62704
2017-07-20,316.58,326.32,314.43,317.07,103662
2017-07-21,315.65,324.41,315.65,323.58,70326
2017-07-24,321.96,330.14,320.4,326.86,65175
2017-07-25,326.96,332.68,325.29,325.29,47353
2017-07-26,328.81,330.72,324.9,327.54,46834
2017-07-27,326.96,335.47,326.86,331.26,76966
2017-07-28,332.73,335.32,326.91,330.28,58195
2017-07-31,332.73,341.88,331.16,336.64,34856
2017-08-01,340.02,340.56,332.73,340.56,34178
2017-08-02,341,341.1,339.19,340.26,53472
2017-08-03,341.05,342.22,333.66,335.66,21263
2017-08-04,335.76,337.52,320.99,323.19,53787
2017-08-07,323.19,331.75,323.19,329.6,45176
2017-08-08,330.18,334.15,328.81,332.73,40472
2017-08-09,333.71,333.71,321.52,324.7,30866
2017-08-10,324.9,332.53,323.14,326.37,59883
2017-08-11,325.14,332.39,323.14,327.93,38209
2017-08-14,332.24,332.24,324.9,324.95,30652
2017-08-16,329.5,332.19,326.37,330.23,12731
2017-08-17,331.7,336.59,330.38,331.6,81363
2017-08-18,331.6,334.88,328.08,331.07,18893
2017-08-21,330.09,334.64,326.27,328.03,14795
2017-08-22,327.35,330.77,326.03,329.79,30882
2017-08-23,329.79,332.19,324.12,329.3,15020
2017-08-24,331.26,333.71,328.18,330.28,16009
2017-08-25,331.51,332.73,327.88,331.55,25112
2017-08-28,331.55,332.73,328.18,329.21,26452
2017-08-29,328.62,331.95,313.25,315.36,35079
2017-08-30,320.01,326.86,318.2,326.86,60310
2017-08-31,329.79,336.45,329.79,333.66,80799
2017-09-01,332.73,333.71,330.09,331.75,56425
2017-09-04,331.95,337.28,329.84,331.65,37621
2017-09-05,333.51,333.51,325.88,331.75,26668
2017-09-06,337.52,337.52,294.66,310.32,386808
2017-09-07,303.37,307.04,290.8,293.14,263912
2017-09-08,293.05,308.31,288.84,303.37,155446
2017-09-11,303.86,307.68,293.98,294.56,112370
2017-09-12,297.84,299.55,293.78,297.99,133607
2017-09-13,298.28,304.84,298.13,304.35,121436
2017-09-14,303.86,306.31,294.66,296.47,92230
2017-09-15,295.05,301.41,292.26,292.26,307297
2017-09-18,294.56,298.72,293.58,297.3,56167
2017-09-19,297.99,298.53,294.61,294.66,91060
2017-09-20,295.05,297.79,294.61,296.72,54206
2017-09-21,296.52,296.52,291.63,294.17,68840
2017-09-22,292.12,292.12,270.1,275.97,199683
2017-09-25,274.99,280.86,271.27,278.42,111658
2017-09-26,278.42,278.42,273.23,274.11,32165
2017-09-27,274.01,281.4,274.01,278.91,45256
2017-09-28,281.69,292.46,280.37,283.8,110318
2017-09-29,288.69,291.33,282.43,287.17,156700
2017-10-02,288.69,291.33,283.85,291.33,21127
2017-10-03,291.63,291.63,285.31,288.74,46128
2017-10-04,290.16,296.23,289.23,292.61,47796
2017-10-05,294.56,303.22,290.11,302.34,62564
2017-10-06,303.37,304.25,289.67,289.67,47539
2017-10-09,289.67,291.63,279.88,283.7,57896
2017-10-10,284.92,290.31,281.06,288.69,68792
2017-10-11,290.16,290.16,283.8,283.8,33271
2017-10-12,286.54,288.2,277.09,277.93,59325
2017-10-13,279.98,280.86,275.09,275.09,32206
2017-10-16,278.61,279.98,274.35,277.73,58748
2017-10-17,278.02,279.39,274.4,276.26,32913
2017-10-18,278.42,278.42,272.35,274.01,32060
2017-10-19,274.94,275.43,261.63,264.23,113024
2017-10-20,264.23,266.38,254.68,264.23,147204
2017-10-23,259.63,264.32,252.63,255.91,73875
2017-10-24,255.91,264.13,252.78,254.44,92514
2017-10-25,256.89,264.23,254.44,264.23,51436
2017-10-26,264.23,267.11,262.27,263.25,69479
2017-10-27,263.69,264.72,261.49,263.25,97789
2017-10-30,265.2,269.46,259.87,262.81,32931
2017-10-31,263.15,274.01,262.42,273.03,62546
2017-11-02,281.11,290.11,277.29,286.64,65050
2017-11-03,287.76,289.67,285.51,287.13,42111
2017-11-06,287.81,287.81,275.24,284.78,55081
2017-11-07,287.66,293.58,281.01,288.4,91932
2017-11-08,288.59,292.02,287.42,288.69,57185
2017-11-09,288.69,288.74,280.13,283.8,34921
2017-11-10,280.76,288.15,272.3,283.16,45897
2017-11-13,280.86,283.6,274.94,274.94,32642
2017-11-14,275.77,280.86,272.1,278.91,30612
2017-11-15,275.97,281.74,267.21,273.03,24579
2017-11-16,274.01,274.01,268.53,269.71,11613
2017-11-17,269.71,277.44,268.29,275.97,40309
2017-11-20,278.32,283.75,276.61,281.35,22075
2017-11-21,283.8,285.61,276.95,284.97,25092
2017-11-22,286.73,287.42,281.45,285.76,24783
2017-11-23,284.78,287.08,281.25,281.35,7582
2017-11-24,281.35,285.12,279,280.42,12598
2017-11-27,283.6,285.71,281.16,283.7,22379
2017-11-28,282.87,284.78,277.88,281.35,41556
2017-11-29,283.75,283.75,274.01,274.99,81584
2017-11-30,275.97,276.8,272.05,275.97,54300
2017-12-01,276.12,276.9,270.34,272.01,30419
2017-12-04,270.2,271.81,259.92,263.83,46788
2017-12-05,265.06,267.65,261.39,263.1,17167
2017-12-06,262.22,263.3,257.47,259.77,25753
2017-12-07,258.79,266.72,258.79,263.64,53215
2017-12-08,252.68,264.96,250.53,262.27,28659
2017-12-11,261.29,265.99,258.26,260.9,91555
2017-12-12,263.05,265.89,260.16,263.74,36459
2017-12-13,261.44,264.23,256.54,258.99,31568
2017-12-14,258.31,263.25,254.54,262.27,43422
2017-12-15,261.29,261.29,254.73,260.31,66456
2017-12-18,254.44,259.23,250.53,251.5,56821
2017-12-19,247.59,249.06,235.31,238.78,342851
2017-12-20,234.87,241.62,224.59,227.92,212146
2017-12-21,227.04,240.25,223.42,234.87,247766
2017-12-22,234.87,251.45,234.87,248.57,87042
2017-12-27,249.55,249.55,240.89,247.59,98341
2017-12-28,248.18,253.02,247.25,250.53,58377
2017-12-29,250.53,257.23,249.55,255.91,39894
2018-01-03,263.44,263.44,257.38,259.33,22091
2018-01-04,259.33,261.09,254.64,257.38,40086
2018-01-05,256.98,257.38,254.83,255.61,39642
2018-01-08,254.44,259.14,247.98,249.55,64670
2018-01-09,248.57,250.53,243.48,246.61,121023
2018-01-10,250.13,250.13,218.04,226.06,268354
2018-01-11,227.04,227.23,208.44,214.12,413224
2018-01-12,214.12,217.06,198.07,202.57,307029
2018-01-15,204.33,213.34,203.75,211.58,161450
2018-01-16,212.56,212.56,206.68,209.42,221854
2018-01-17,209.23,216.08,201.2,215.3,133865
2018-01-18,216.47,218.23,209.81,210.21,84229
2018-01-19,212.95,219.01,210.4,217.64,117425
2018-01-22,217.45,224.49,217.25,221.17,83459
2018-01-23,222.93,224.69,218.62,223.12,80024
2018-01-24,223.71,233.69,221.95,233.69,78360
2018-01-25,233.89,236.43,226.45,228.02,75942
2018-01-26,228.41,231.34,221.56,223.71,47543
2018-01-29,224.3,225.67,217.84,219.21,76061
2018-01-30,219.21,227.63,218.43,223.12,28560
2018-01-31,225.08,225.08,219.8,225.08,58920
2018-02-01,221.95,225.86,217.45,217.45,39984
2018-02-02,217.64,219.01,213.34,213.34,42268
2018-02-05,212.36,215.3,207.86,213.34,23412
2018-02-06,208.05,208.64,200.81,207.47,68777
2018-02-07,205.9,209.03,204.73,205.51,52670
2018-02-08,204.73,207.27,201.99,205.51,37598
2018-02-09,201.99,205.12,200.62,201.01,162724
2018-02-12,202.77,204.14,198.85,203.94,75687
2018-02-13,203.94,211.58,202.77,210.4,35864
2018-02-14,212.36,218.82,210.99,218.62,34617
2018-02-15,219.21,220.58,215.3,215.3,27919
2018-02-16,216.86,218.23,208.84,210.4,26029
2018-02-19,210.99,212.36,210.01,210.79,9213
2018-02-20,211.38,211.58,203.16,205.7,42638
2018-02-21,206.49,211.77,205.7,207.47,54780
2018-02-22,208.44,212.36,204.73,209.23,17595
2018-02-23,209.42,212.75,206.88,209.23,43547
2018-02-26,209.23,210.99,204.73,206.1,15285
2018-02-27,206.1,210.21,206.1,209.42,10802
2018-02-28,208.64,209.81,204.92,207.47,39509
2018-03-01,205.51,206.88,200.62,201.01,31342
2018-03-02,198.66,210.6,198.66,203.16,41797
2018-03-05,201.79,211.38,201.79,208.05,33332
2018-03-06,208.44,223.12,205.51,221.56,111727
2018-03-07,222.15,224.1,215.69,222.54,46696
2018-03-08,222.93,232.71,222.54,230.17,140374
2018-03-09,231.54,231.54,225.08,226.06,26278
2018-03-12,226.06,227.82,212.75,216.27,70020
2018-03-13,215.88,221.95,212.75,214.51,21920
2018-03-14,214.32,214.32,207.86,213.34,15932
2018-03-15,213.53,218.82,213.53,217.45,33922
2018-03-16,218.04,224.1,216.47,221.75,50594
2018-03-19,221.17,221.17,204.14,208.44,55543
2018-03-20,207.47,210.21,201.2,204.53,34842
2018-03-21,206.1,213.53,204.33,210.79,95737
2018-03-22,211.77,221.95,209.23,210.4,88892
2018-03-23,206.68,213.53,203.16,204.53,43627
2018-03-26,204.53,207.07,200.62,203.94,28864
2018-03-27,205.51,207.86,202.18,203.55,114048
2018-03-28,201.01,210.21,198.85,208.44,101661
2018-03-29,207.27,216.27,206.68,213.34,62451
2018-04-03,212.36,233.3,210.01,227.04,129203
2018-04-04,225.86,234.87,225.08,234.28,114668
2018-04-05,234.87,256.59,234.28,252.68,159612
2018-04-06,251.5,255.81,243.67,249.16,100135
2018-04-09,249.55,252.87,243.87,250.53,50438
2018-04-10,250.53,250.72,235.45,236.82,111825
2018-04-11,235.85,238.19,230.95,231.93,33477
2018-04-12,231.93,243.48,231.15,239.37,99452
2018-04-13,239.96,240.93,236.63,239.76,35201
2018-04-16,239.76,245.04,237.02,242.89,42716
2018-04-17,243.87,244.46,237.02,238.19,68893
2018-04-18,238.19,242.7,236.04,237.8,15496
2018-04-19,238.78,242.11,235.26,238.19,35039
2018-04-20,238.78,240.74,232.13,233.89,31098
2018-04-23,233.89,233.89,225.08,228.8,48830
2018-04-24,230.6,233,228.6,229,43392
2018-04-25,228.4,230.4,225.6,229,103759
2018-04-26,228,229,220.6,225,80073
2018-04-27,235,237.4,225.8,229,147132
2018-04-30,227.8,231.4,221,230,52644
2018-05-02,226,229.8,225,227.6,25800
2018-05-04,230,232.6,221.6,225,48805
2018-05-07,224,225.6,215.4,224,37884
2018-05-08,223,223,217.4,220,82810
2018-05-09,220.8,224.6,217,223,42041
2018-05-10,223,231.6,221.2,229,61337
2018-05-11,227.4,234.4,227.2,233,73354
2018-05-14,232,236,230.6,232.8,78244
2018-05-15,232.2,232.4,226.2,230,69010
2018-05-16,227.2,230,226.6,229,40854
2018-05-17,227,229.6,224,228.2,28462
2018-05-18,229.8,229.8,225.8,229,13783
2018-05-21,229,229.2,225.4,227.4,17662
2018-05-22,228,229,225.8,228.2,18960
2018-05-23,225.8,229.8,225.2,228.4,56630
2018-05-24,228,232.4,227.6,230.4,105186
2018-05-25,231,237,230,231.2,20435
2018-05-28,230.8,234.8,230,232.4,22924
2018-05-29,232,233,228.4,232.8,59671
2018-05-30,230,232.6,226.4,232.6,97532
2018-06-01,231.2,231.6,228,230.4,35339
2018-06-04,232.2,232.2,226.2,226.8,51225
2018-06-05,228,229.8,225.6,228,60234
2018-06-06,228.6,230.2,216.4,221.8,124602
2018-06-07,222.6,226,221.6,224.2,165551
2018-06-08,222.2,225.6,222,224.4,81615
2018-06-11,225,227.2,223,223,106357
2018-06-12,223,226.6,223,226.6,56450
2018-06-13,226.6,231,225.6,227.8,18560
2018-06-14,227.4,234.8,227.4,233.8,36412
2018-06-15,231.6,233,223,223,60564
2018-06-18,224,225.4,212.8,213.2,82508
2018-06-19,211.2,216.6,204,212,81479
2018-06-20,208.2,216.2,208,215,49615
2018-06-21,213.4,214.8,205.6,210,54707
2018-06-22,209.2,211,207.4,209.6,50902
2018-06-25,208,213.8,208,210,37438
2018-06-26,213,216.4,211.2,214,62329
2018-06-27,214,214.4,208.2,210,28681
2018-06-28,210.4,211.2,198.5,198.7,35021
2018-06-29,200.8,202.6,196,200,84860
2018-07-02,198.8,198.8,192.2,195,42396
2018-07-03,194.3,196.6,189.9,191.1,28415
2018-07-04,191,195,191,192,53970
2018-07-05,192.8,196.7,191.8,193,30194
2018-07-06,193.9,194,177.5,180,112468
2018-07-09,180,182.6,170,182,203632
2018-07-10,184,225,183.1,218,484683
2018-07-11,218,220.4,211,217.6,120420
2018-07-12,218.8,224,213.6,217,102782
2018-07-13,219,220,215.6,220,107013
2018-07-16,220,221.8,216.6,219.8,151020
2018-07-17,217.4,221,217.2,218.4,100975
2018-07-18,216.2,219.6,216.2,217,62442
2018-07-19,215.2,218.6,214.4,216.4,59501
2018-07-20,216,218.8,212.2,217,97923
2018-07-23,214.8,218.6,213.4,218.4,56053
2018-07-24,218.4,221.8,217.4,218.6,57694
2018-07-25,216.8,220.4,216.2,218,65664
2018-07-26,216.4,220,216,217.2,46300
2018-07-27,218,218.6,216,218.6,31189
2018-07-30,216.6,219.8,216.6,218,63309
2018-07-31,216,219.2,215.4,217.4,35564
2018-08-01,217.8,220.6,216.2,219.6,40775
2018-08-02,216.8,218.6,216.2,216.2,22486
2018-08-03,216.2,219.6,216.2,218.4,27988
2018-08-06,217,218,210,210,30667
2018-08-07,210,216,210,214,57884
2018-08-08,212.8,218.8,210.2,210.4,52757
2018-08-09,213,216,211.4,213.4,23208
2018-08-10,211,220.4,211,214,49299
2018-08-13,213,214.4,210.2,214.2,25514
2018-08-14,214,217,213.2,213.2,9896
2018-08-16,212,212.6,207.8,211.6,141483
2018-08-17,211.4,213.8,211,213.2,13360
2018-08-20,213,218,212,217,17299
2018-08-21,216.6,217.2,215.6,216.6,55167
2018-08-22,216,217,215.2,216.8,29016
2018-08-23,215.8,216.8,202.2,206.2,60781
2018-08-24,206.2,210.6,206.2,210,55176
2018-08-27,209,215,208.6,210.6,25512
2018-08-28,212,214.8,207.6,208.2,18403
2018-08-29,209.6,210.4,202.6,206.8,41738
2018-08-30,206.2,212.6,206,206.4,68539
2018-08-31,207.8,207.8,205,207,69986
2018-09-03,207,207.2,204.2,206,42646
2018-09-04,206.8,207,202.4,204,30564
2018-09-05,204.8,207.8,200.6,202.2,54008
2018-09-06,202.4,202.4,194.9,195.9,34018
2018-09-07,196,197.3,185.1,188.1,55540
2018-09-10,190.7,197,188,188,61607
2018-09-11,189,190.8,181.3,185,97509
2018-09-12,185,186.6,180.4,181.4,84347
2018-09-13,181.6,189.6,176.2,187,79110
2018-09-14,185.3,187.8,179,187.8,50156
2018-09-17,187.7,187.7,183.2,183.6,107326
2018-09-18,184.3,195.1,182.6,192.9,46833
2018-09-19,192.9,198.8,190.8,197,51357
2018-09-20,197.4,200.8,196.1,198,37421
2018-09-21,198,201.8,196.6,200,252523
2018-09-24,200,209.8,199.5,204.6,33116
2018-09-25,204,206.8,201.2,202.2,26997
2018-09-26,204,206,199.4,200,24780
2018-09-27,200,205.8,198.2,200.4,51053
2018-09-28,199.7,204.8,199,201.2,41190
2018-10-01,200.4,208.4,199.7,200.2,21125
2018-10-02,199.8,202.8,198,200,26228
2018-10-03,200.2,207,200.2,203,26262
2018-10-04,202,202,196.1,200.8,14149
2018-10-05,199.7,199.8,192.1,194.3,36039
2018-10-08,196.4,196.4,191,194.4,11356
2018-10-09,194,196.9,191.4,194.5,11940
2018-10-10,197.8,202,195,201,53795
2018-10-11,191.1,200,190,200,64620
2018-10-12,199,200.8,195.9,198.1,32752
2018-10-15,200,200,191.5,193,46514
2018-10-16,192,197.7,191.9,196.4,98081
2018-10-17,198,205,197,202.4,139013
2018-10-18,202.2,204,200,203,23830
2018-10-19,202,204,197.7,200,47007
2018-10-22,200,202,198.3,200.8,45153
2018-10-23,200.6,200.6,193,195.9,35479
2018-10-24,196.5,201,195.1,200.6,9499
2018-10-25,198,198,191.1,196.3,30567
2018-10-26,196.6,199.5,193.8,194.1,15501
2018-10-29,195.5,198,183.2,185,34909
2018-10-30,186,187.1,177.4,178.1,34484
2018-10-31,180.2,187.1,180.2,184.6,72528
2018-11-02,186.2,187.7,180.5,185.3,49353
2018-11-05,186.6,193.9,183.7,191,39806
2018-11-06,193.8,193.9,187.3,191,17350
2018-11-07,190,200.4,188.9,200.4,44584
2018-11-08,200.4,204.8,198.2,201,33568
2018-11-09,199,201.4,193,194,17722
2018-11-13,193.8,193.8,187,191.8,30854
2018-11-14,191,191,183.6,184,17782
2018-11-15,185,185.5,179,180,43774
2018-11-16,181.7,184.8,176.2,177,18503
2018-11-19,176.2,180.1,168.1,177.5,49633
2018-11-20,177.5,177.5,165.2,166,31951
2018-11-21,166,172.4,166,170,47194
2018-11-22,171.2,171.5,169,169.1,23167
2018-11-23,169.1,170.2,167.1,168.5,10924
2018-11-26,169,172,169,169,44599
2018-11-27,169,174.5,169,173,41647
2018-11-28,173.3,174.4,171,171.9,24478
2018-11-29,173.7,175.6,171,173,75018
2018-11-30,175.5,175.5,172.1,173,35322
2018-12-03,173,177,172.3,174,36568
2018-12-04,174.1,179.9,173.7,177.1,36622
2018-12-05,175.5,175.5,168.2,169.6,124859
2018-12-06,169.3,171.1,168,168.5,31436
2018-12-07,169.1,171.6,167.4,168,71843
2018-12-10,169.9,169.9,165,166,39912
2018-12-11,165.4,167.4,159.7,162,39882
2018-12-12,161.7,165,161,163.9,239676
2018-12-13,164.4,165.2,163,165.2,349893
2018-12-14,167.6,183.9,166.1,182,115513
2018-12-17,182.5,182.5,170,171.6,54991
2018-12-18,173,173,166.2,166.6,62813
2018-12-19,165.4,170.1,163.8,168.2,81562
2018-12-20,168,173.5,165.3,168.1,38905
2018-12-21,168.2,168.2,158.1,160,111781
2018-12-27,161.6,162.6,153.3,154.6,55626
2018-12-28,157,158.9,154.9,156.7,31174
2019-01-02,156.8,162.2,153,156.5,39234
2019-01-03,156.9,160.6,154.4,159.1,45945
2019-01-04,159.3,161.5,157.8,159.9,39098
2019-01-07,160.1,166.5,160.1,165.6,46076
2019-01-08,166,167.7,162.3,164.5,22125
2019-01-09,165,171.4,164.9,171,37484
2019-01-10,172,173.9,167.7,172.2,67706
2019-01-11,172.3,179,172.3,177,61194
2019-01-14,177,177.5,171.1,177.5,26076
2019-01-15,177.5,177.5,174.2,175.8,36916
2019-01-16,176.1,182.4,174.5,179.2,45676
2019-01-17,179.9,183.8,177.6,182.2,30440
2019-01-18,182.2,183.9,178.8,180.3,42962
2019-01-21,181.5,182.3,178,178.9,15315
2019-01-22,178,181.8,175.9,175.9,32492
2019-01-23,175.1,175.4,170,173.5,57981
